Date,adj close,close,high,low,open,volume
2020-01-02,72.27154541015625,75.0875015258789,75.1500015258789,73.79750061035156,74.05999755859375,135480400
2020-01-03,71.56891632080078,74.35749816894531,75.1449966430664,74.125,74.2874984741211,146322800
2020-01-06,72.13919067382812,74.94999694824219,74.98999786376953,73.1875,73.44750213623047,118387200
2020-01-07,71.79993438720703,74.59750366210938,75.2249984741211,74.37000274658203,74.95999908447266,108872000
2020-01-08,72.95491790771484,75.79750061035156,76.11000061035156,74.29000091552734,74.29000091552734,132079200
2020-01-09,74.50454711914062,77.40750122070312,77.60749816894531,76.55000305175781,76.80999755859375,170108400
2020-01-10,74.6729736328125,77.5824966430664,78.1675033569336,77.0625,77.6500015258789,140644800
2020-01-13,76.268310546875,79.23999786376953,79.26750183105469,77.7874984741211,77.91000366210938,121532000
2020-01-14,75.23844909667969,78.16999816894531,79.39250183105469,78.0425033569336,79.17500305175781,161954400
2020-01-15,74.9159927368164,77.83499908447266,78.875,77.38749694824219,77.9625015258789,121923600
2020-01-16,75.85443878173828,78.80999755859375,78.92500305175781,78.02249908447266,78.39749908447266,108829200
2020-01-17,76.69422912597656,79.68250274658203,79.68499755859375,78.75,79.06749725341797,137816400
2020-01-21,76.1744613647461,79.14250183105469,79.75499725341797,79.0,79.29750061035156,110843200
2020-01-22,76.44638061523438,79.42500305175781,79.99749755859375,79.32749938964844,79.6449966430664,101832400
2020-01-23,76.81452178955078,79.80750274658203,79.88999938964844,78.9124984741211,79.4800033569336,104472000
2020-01-24,76.59318542480469,79.57749938964844,80.8324966430664,79.37999725341797,80.0625,146537600
2020-01-27,74.34092712402344,77.23750305175781,77.94249725341797,76.22000122070312,77.51499938964844,161940000
2020-01-28,76.44397735595703,79.42250061035156,79.5999984741211,78.04750061035156,78.1500015258789,162234000
2020-01-29,78.04412841796875,81.08499908447266,81.9625015258789,80.34500122070312,81.11250305175781,216229200
2020-01-30,77.93103790283203,80.96749877929688,81.02249908447266,79.6875,80.13500213623047,126743200
2020-01-31,74.47565460205078,77.37750244140625,80.66999816894531,77.07250213623047,80.23249816894531,199588400
2020-02-03,74.27113342285156,77.16500091552734,78.37249755859375,75.55500030517578,76.07499694824219,173788400
2020-02-04,76.72309875488281,79.7125015258789,79.91000366210938,78.40750122070312,78.82749938964844,136616400
2020-02-05,77.3487319946289,80.36250305175781,81.19000244140625,79.73750305175781,80.87999725341797,118826800
2020-02-06,78.25345611572266,81.30249786376953,81.30500030517578,80.06500244140625,80.64250183105469,105425600
2020-02-07,77.18980407714844,80.00749969482422,80.8499984741211,79.5,80.59249877929688,117684000
2020-02-10,77.55638885498047,80.38749694824219,80.38749694824219,78.4625015258789,78.54499816894531,109348800
2020-02-11,77.08846282958984,79.90249633789062,80.9749984741211,79.67749786376953,80.9000015258789,94323200
2020-02-12,78.91915893554688,81.80000305175781,81.80500030517578,80.36750030517578,80.36750030517578,113730400
2020-02-13,78.357177734375,81.21749877929688,81.55500030517578,80.8375015258789,81.04750061035156,94747600
2020-02-14,78.37646484375,81.23750305175781,81.49500274658203,80.7125015258789,81.18499755859375,80113600
2020-02-18,76.94136810302734,79.75,79.9375,78.65249633789062,78.83999633789062,152531200
2020-02-19,78.05567169189453,80.90499877929688,81.14250183105469,80.0,80.0,93984000
2020-02-20,77.25491333007812,80.07499694824219,81.1624984741211,79.55249786376953,80.65750122070312,100566000
2020-02-21,75.5062484741211,78.26249694824219,80.11250305175781,77.625,79.65499877929688,129554000
2020-02-24,71.91964721679688,74.54499816894531,76.04499816894531,72.30750274658203,74.31500244140625,222195200
2020-02-25,69.48358917236328,72.0199966430664,75.63249969482422,71.53250122070312,75.23750305175781,230673600
2020-02-26,70.58585357666016,73.1624984741211,74.47000122070312,71.625,71.63249969482422,198054800
2020-02-27,65.97177124023438,68.37999725341797,71.5,68.23999786376953,70.2750015258789,320605600
2020-02-28,65.93319702148438,68.33999633789062,69.60250091552734,64.09249877929688,64.31500244140625,426510000
2020-03-02,72.07161712646484,74.70249938964844,75.36000061035156,69.43000030517578,70.56999969482422,341397200
2020-03-03,69.78266906738281,72.33000183105469,76.0,71.44999694824219,75.9175033569336,319475600
2020-03-04,73.0195083618164,75.68499755859375,75.8499984741211,73.28250122070312,74.11000061035156,219178400
2020-03-05,70.65098571777344,73.2300033569336,74.88749694824219,72.85250091552734,73.87999725341797,187572800
2020-03-06,69.7127456665039,72.25749969482422,72.70500183105469,70.30750274658203,70.5,226176800
2020-03-09,64.19901275634766,66.5425033569336,69.52249908447266,65.75,65.9375,286744800
2020-03-10,68.82272338867188,71.33499908447266,71.61000061035156,67.34249877929688,69.28500366210938,285290000
2020-03-11,66.43248748779297,68.85749816894531,70.30500030517578,67.96499633789062,69.34750366210938,255598800
2020-03-12,59.871952056884766,62.057498931884766,67.5,62.0,63.98500061035156,418474000
2020-03-13,67.04512023925781,69.49250030517578,69.9800033569336,63.23749923706055,66.22250366210938,370732000
2020-03-16,58.419960021972656,60.5525016784668,64.7699966430664,60.0,60.48749923706055,322423600
2020-03-17,60.98869323730469,63.21500015258789,64.40249633789062,59.599998474121094,61.877498626708984,324056000
2020-03-18,59.49569320678711,61.66749954223633,62.5,59.279998779296875,59.942501068115234,300233600
2020-03-19,59.039833068847656,61.19499969482422,63.209999084472656,60.65250015258789,61.84749984741211,271857200
2020-03-20,55.29164123535156,57.310001373291016,62.95750045776367,57.0,61.79499816894531,401693200
2020-03-23,54.117034912109375,56.092498779296875,57.125,53.15250015258789,57.02000045776367,336752800
2020-03-24,59.546348571777344,61.720001220703125,61.92250061035156,58.57500076293945,59.09000015258789,287531200
2020-03-25,59.21832275390625,61.380001068115234,64.5625,61.07500076293945,62.6875,303602000
2020-03-26,62.33456802368164,64.61000061035156,64.66999816894531,61.59000015258789,61.630001068115234,252087200
2020-03-27,59.75377655029297,61.935001373291016,63.967498779296875,61.76250076293945,63.1875,204216800
2020-03-30,61.45902633666992,63.70249938964844,63.880001068115234,62.349998474121094,62.685001373291016,167976400
2020-03-31,61.33359909057617,63.5724983215332,65.62249755859375,63.0,63.900001525878906,197002000
2020-04-01,58.106407165527344,60.227500915527344,62.18000030517578,59.782501220703125,61.625,176218400
2020-04-02,59.07600402832031,61.23249816894531,61.287498474121094,59.224998474121094,60.084999084472656,165934000
2020-04-03,58.22700500488281,60.352500915527344,61.42499923706055,59.74250030517578,60.70000076293945,129880000
2020-04-06,63.30658721923828,65.61750030517578,65.77749633789062,62.345001220703125,62.724998474121094,201820400
2020-04-07,62.57334518432617,64.85749816894531,67.92500305175781,64.75,67.69999694824219,202887200
2020-04-08,64.17487335205078,66.51750183105469,66.84249877929688,65.30750274658203,65.68499755859375,168895200
2020-04-09,64.63797760009766,66.99749755859375,67.51750183105469,66.17500305175781,67.17500305175781,161834800
2020-04-13,65.90667724609375,68.3125,68.42500305175781,66.4574966430664,67.07749938964844,131022800
2020-04-14,69.23516845703125,71.76249694824219,72.0625,69.51249694824219,70.0,194994800
2020-04-15,68.60324096679688,71.10749816894531,71.5824966430664,70.15750122070312,70.5999984741211,131154400
2020-04-16,69.1483154296875,71.67250061035156,72.05000305175781,70.5875015258789,71.84500122070312,157125200
2020-04-17,68.2101058959961,70.69999694824219,71.73750305175781,69.21499633789062,71.17250061035156,215250000
2020-04-20,66.79427337646484,69.23249816894531,70.41999816894531,69.2125015258789,69.48750305175781,130015200
2020-04-21,64.72962951660156,67.09249877929688,69.3125,66.35749816894531,69.06999969482422,180991600
2020-04-22,66.59408569335938,69.0250015258789,69.4749984741211,68.05000305175781,68.40249633789062,116862400
2020-04-23,66.33599090576172,68.75749969482422,70.4375,68.71749877929688,68.96749877929688,124814400
2020-04-24,68.25109100341797,70.74250030517578,70.75250244140625,69.25,69.30000305175781,126161200
2020-04-27,68.29932403564453,70.7925033569336,71.13500213623047,69.98750305175781,70.44999694824219,117087600
2020-04-28,67.19223022460938,69.6449966430664,71.4574966430664,69.55000305175781,71.2699966430664,112004800
2020-04-29,69.39917755126953,71.93250274658203,72.4175033569336,70.97250366210938,71.18250274658203,137280800
2020-04-30,70.86322784423828,73.44999694824219,73.63249969482422,72.0875015258789,72.48999786376953,183064000
2020-05-01,69.72239685058594,72.26750183105469,74.75,71.4625015258789,71.5625,240616800
2020-05-04,70.70885467529297,73.29000091552734,73.42250061035156,71.58000183105469,72.2925033569336,133568000
2020-05-05,71.77012634277344,74.38999938964844,75.25,73.61499786376953,73.76499938964844,147751200
2020-05-06,72.51058959960938,75.15750122070312,75.80999755859375,74.71749877929688,75.11499786376953,142333600
2020-05-07,73.2607192993164,75.93499755859375,76.2925033569336,75.49250030517578,75.80500030517578,115215200
2020-05-08,75.00445556640625,77.53250122070312,77.5875015258789,76.07250213623047,76.41000366210938,133838400
2020-05-11,76.18464660644531,78.75250244140625,79.26249694824219,76.80999755859375,77.0250015258789,145946400
2020-05-12,75.31400299072266,77.85250091552734,79.92250061035156,77.72750091552734,79.4574966430664,162301200
2020-05-13,74.40464782714844,76.9124984741211,78.98750305175781,75.80249786376953,78.0374984741211,200622400
2020-05-14,74.86177062988281,77.38500213623047,77.44750213623047,75.38249969482422,76.12750244140625,158929200
2020-05-15,74.41918182373047,76.92749786376953,76.9749984741211,75.05249786376953,75.0875015258789,166348400
2020-05-18,76.17256164550781,78.73999786376953,79.125,77.58000183105469,78.2925033569336,135178400
2020-05-19,75.73240661621094,78.28500366210938,79.62999725341797,78.25250244140625,78.75749969482422,101729600
2020-05-20,77.20524597167969,79.80750274658203,79.87999725341797,79.12999725341797,79.16999816894531,111504800
2020-05-21,76.6296615600586,79.2125015258789,80.22250366210938,78.96749877929688,79.66500091552734,102688800
2020-05-22,77.12303161621094,79.72250366210938,79.80750274658203,78.8375015258789,78.94249725341797,81803200
2020-05-26,76.60064697265625,79.18250274658203,81.05999755859375,79.125,80.875,125522000
2020-05-27,76.93438720703125,79.52749633789062,79.67749786376953,78.27249908447266,79.03500366210938,112945200
2020-05-28,76.96825408935547,79.5625,80.86000061035156,78.90750122070312,79.19249725341797,133560800
2020-05-29,76.89329528808594,79.48500061035156,80.2874984741211,79.11750030517578,79.8125,153532400
2020-06-01,77.83891296386719,80.4625015258789,80.5875015258789,79.30249786376953,79.4375,80791200
2020-06-02,78.19925689697266,80.83499908447266,80.86000061035156,79.73249816894531,80.1875,87642800
2020-06-03,78.6297607421875,81.27999877929688,81.55000305175781,80.57499694824219,81.16500091552734,104491200
2020-06-04,77.95259094238281,80.58000183105469,81.40499877929688,80.19499969482422,81.09750366210938,87560400
2020-06-05,80.17274475097656,82.875,82.9375,80.80750274658203,80.8375015258789,137250400
2020-06-08,80.64676666259766,83.36499786376953,83.4000015258789,81.83000183105469,82.5625,95654400
2020-06-09,83.19342041015625,85.99749755859375,86.40249633789062,83.00250244140625,83.03500366210938,147712400
2020-06-10,85.33378601074219,88.20999908447266,88.69249725341797,86.52249908447266,86.9749984741211,166651600
2020-06-11,81.23690032958984,83.9749984741211,87.76499938964844,83.87000274658203,87.32749938964844,201662400
2020-06-12,81.938232421875,84.69999694824219,86.94999694824219,83.55500030517578,86.18000030517578,200146000
2020-06-15,82.9515609741211,85.74749755859375,86.41999816894531,83.1449966430664,83.3125,138808800
2020-06-16,85.14997863769531,88.0199966430664,88.30000305175781,86.18000030517578,87.86499786376953,165428800
2020-06-17,85.03148651123047,87.89749908447266,88.8499984741211,87.77249908447266,88.7874984741211,114406400
2020-06-18,85.06535339355469,87.93250274658203,88.36250305175781,87.30500030517578,87.85250091552734,96820400
2020-06-19,84.57920837402344,87.43000030517578,89.13999938964844,86.2874984741211,88.66000366210938,264476000
2020-06-22,86.79212188720703,89.71749877929688,89.86499786376953,87.7874984741211,87.83499908447266,135445200
2020-06-23,88.64470672607422,91.63249969482422,93.09500122070312,90.56749725341797,91.0,212155600
2020-06-24,87.0799331665039,90.01499938964844,92.19750213623047,89.62999725341797,91.25,192623200
2020-06-25,88.2359619140625,91.20999908447266,91.25,89.39250183105469,90.17500305175781,137522400
2020-06-26,85.52486419677734,88.40750122070312,91.33000183105469,88.25499725341797,91.10250091552734,205256800
2020-06-29,87.49593353271484,90.44499969482422,90.5425033569336,87.81999969482422,88.3125,130646000
2020-06-30,88.2262954711914,91.19999694824219,91.49500274658203,90.0,90.0199966430664,140223200
2020-07-01,88.05940246582031,91.02749633789062,91.83999633789062,90.97750091552734,91.27999877929688,110737200
2020-07-02,88.05940246582031,91.02749633789062,92.61750030517578,90.91000366210938,91.9625015258789,114041600
2020-07-06,90.41502380371094,93.4625015258789,93.94499969482422,92.46749877929688,92.5,118655600
2020-07-07,90.13448333740234,93.17250061035156,94.65499877929688,93.05750274658203,93.85250091552734,112424400
2020-07-08,92.23372650146484,95.34249877929688,95.375,94.08999633789062,94.18000030517578,117092000
2020-07-09,92.63037109375,95.75250244140625,96.31749725341797,94.67250061035156,96.26249694824219,125642800
2020-07-10,92.79237365722656,95.91999816894531,95.9800033569336,94.70500183105469,95.33499908447266,90257200
2020-07-13,92.36433410644531,95.47750091552734,99.95500183105469,95.25749969482422,97.26499938964844,191649200
2020-07-14,93.89280700683594,97.05750274658203,97.25499725341797,93.87750244140625,94.83999633789062,170989200
2020-07-15,94.53852844238281,97.7249984741211,99.24749755859375,96.48999786376953,98.98999786376953,153198000
2020-07-16,93.375244140625,96.52249908447266,97.40499877929688,95.90499877929688,96.5625,110577600
2020-07-17,93.18659973144531,96.32749938964844,97.14749908447266,95.83999633789062,96.98750305175781,92186800
2020-07-20,95.15040588378906,98.35749816894531,98.5,96.0625,96.4175033569336,90318000
2020-07-21,93.8371810913086,97.0,99.25,96.74250030517578,99.17250061035156,103433200
2020-07-22,94.10079956054688,97.27249908447266,97.9749984741211,96.60250091552734,96.69249725341797,89001600
2020-07-23,89.81766510009766,92.84500122070312,97.07749938964844,92.01000213623047,96.99749755859375,197004400
2020-07-24,89.59514617919922,92.61499786376953,92.97000122070312,89.1449966430664,90.98750305175781,185438800
2020-07-27,91.71858978271484,94.80999755859375,94.90499877929688,93.4800033569336,93.70999908447266,121214000
2020-07-28,90.21186828613281,93.25250244140625,94.55000305175781,93.24749755859375,94.36750030517578,103625600
2020-07-29,91.94110870361328,95.04000091552734,95.2300033569336,93.7125015258789,93.75,90329200
2020-07-30,93.05358123779297,96.19000244140625,96.29750061035156,93.76750183105469,94.1875,158130000
2020-07-31,102.79523468017578,106.26000213623047,106.41500091552734,100.82499694824219,102.88500213623047,374336800
2020-08-03,105.38543701171875,108.9375,111.63749694824219,107.89250183105469,108.19999694824219,308151200
2020-08-04,106.08921813964844,109.66500091552734,110.79000091552734,108.38749694824219,109.13249969482422,173071600
2020-08-05,106.47376251220703,110.0625,110.39250183105469,108.89749908447266,109.37750244140625,121776800
2020-08-06,110.18854522705078,113.90249633789062,114.4124984741211,109.79750061035156,110.40499877929688,202428800
2020-08-07,107.68333435058594,111.11250305175781,113.67500305175781,110.2925033569336,113.20500183105469,198045600
2020-08-10,109.24850463867188,112.72750091552734,113.7750015258789,110.0,112.5999984741211,212403600
2020-08-11,105.99945831298828,109.375,112.48249816894531,109.10749816894531,111.97000122070312,187902400
2020-08-12,109.52227020263672,113.01000213623047,113.2750015258789,110.29750061035156,110.49749755859375,165598000
2020-08-13,111.46052551269531,115.01000213623047,116.0425033569336,113.92749786376953,114.43000030517578,210082000
2020-08-14,111.36121368408203,114.90750122070312,115.0,113.04499816894531,114.83000183105469,165565200
2020-08-17,111.07046508789062,114.60749816894531,116.0875015258789,113.9625015258789,116.0625,119561600
2020-08-18,111.9959945678711,115.5625,116.0,114.00749969482422,114.35250091552734,105633600
2020-08-19,112.13652038574219,115.7074966430664,117.1624984741211,115.61000061035156,115.98249816894531,145538000
2020-08-20,114.62479400634766,118.2750015258789,118.39250183105469,115.73249816894531,115.75,126907200
2020-08-21,120.53167724609375,124.37000274658203,124.86750030517578,119.25,119.26249694824219,338054800
2020-08-24,121.9732437133789,125.85749816894531,128.78500366210938,123.9375,128.69749450683594,345937600
2020-08-25,120.97261810302734,124.82499694824219,125.18000030517578,123.05249786376953,124.69750213623047,211495600
2020-08-26,122.61772155761719,126.52249908447266,126.99250030517578,125.0824966430664,126.18000030517578,163022400
2020-08-27,121.15191650390625,125.01000213623047,127.48500061035156,123.8324966430664,127.14250183105469,155552400
2020-08-28,120.95567321777344,124.80750274658203,126.44249725341797,124.57749938964844,126.01249694824219,187630000
2020-08-31,125.05753326416016,129.0399932861328,131.0,126.0,127.58000183105469,225702700
2020-09-01,130.03890991210938,134.17999267578125,134.8000030517578,130.52999877929688,132.75999450683594,151948100
2020-09-02,127.34471893310547,131.39999389648438,137.97999572753906,127.0,137.58999633789062,200119000
2020-09-03,117.14936828613281,120.87999725341797,128.83999633789062,120.5,126.91000366210938,257599600
2020-09-04,117.22691345214844,120.95999908447266,123.69999694824219,110.88999938964844,120.06999969482422,332607200
2020-09-08,109.33811950683594,112.81999969482422,118.98999786376953,112.68000030517578,113.94999694824219,231366600
2020-09-09,113.69925689697266,117.31999969482422,119.13999938964844,115.26000213623047,117.26000213623047,176940500
2020-09-10,109.98744201660156,113.48999786376953,120.5,112.5,120.36000061035156,182274400
2020-09-11,108.54344177246094,112.0,115.2300033569336,110.0,114.56999969482422,180860300
2020-09-14,111.79972839355469,115.36000061035156,115.93000030517578,112.80000305175781,114.72000122070312,140150100
2020-09-15,111.97421264648438,115.54000091552734,118.83000183105469,113.61000061035156,118.33000183105469,184642000
2020-09-16,108.66943359375,112.12999725341797,116.0,112.04000091552734,115.2300033569336,154679000
2020-09-17,106.93466186523438,110.33999633789062,112.19999694824219,108.70999908447266,109.72000122070312,178011000
2020-09-18,103.54267883300781,106.83999633789062,110.87999725341797,106.08999633789062,110.4000015258789,287104900
2020-09-21,106.68267822265625,110.08000183105469,110.19000244140625,103.0999984741211,104.54000091552734,195713800
2020-09-22,108.35928344726562,111.80999755859375,112.86000061035156,109.16000366210938,112.68000030517578,183055400
2020-09-23,103.81404876708984,107.12000274658203,112.11000061035156,106.7699966430664,111.62000274658203,150718700
2020-09-24,104.88009643554688,108.22000122070312,110.25,105.0,105.16999816894531,167743300
2020-09-25,108.8147964477539,112.27999877929688,112.44000244140625,107.66999816894531,108.43000030517578,149981400
2020-09-28,111.41209411621094,114.95999908447266,115.31999969482422,112.77999877929688,115.01000213623047,137672400
2020-09-29,110.56891632080078,114.08999633789062,115.30999755859375,113.56999969482422,114.55000305175781,99382200
2020-09-30,112.23585510253906,115.80999755859375,117.26000213623047,113.62000274658203,113.79000091552734,142675200
2020-10-01,113.18560791015625,116.79000091552734,117.72000122070312,115.83000183105469,117.63999938964844,116120400
2020-10-02,109.53196716308594,113.0199966430664,115.37000274658203,112.22000122070312,112.88999938964844,144712000
2020-10-05,112.90457153320312,116.5,116.6500015258789,113.55000305175781,113.91000366210938,106243800
2020-10-06,109.66764068603516,113.16000366210938,116.12000274658203,112.25,115.69999694824219,161498200
2020-10-07,111.52837371826172,115.08000183105469,115.55000305175781,114.12999725341797,114.62000274658203,96849000
2020-10-08,111.4217758178711,114.97000122070312,116.4000015258789,114.58999633789062,116.25,83477200
2020-10-09,113.36005401611328,116.97000122070312,117.0,114.91999816894531,115.27999877929688,100506900
2020-10-12,120.56076049804688,124.4000015258789,125.18000030517578,119.27999877929688,120.05999755859375,240226800
2020-10-13,117.36260223388672,121.0999984741211,125.38999938964844,119.6500015258789,125.2699966430664,262330500
2020-10-14,117.44981384277344,121.19000244140625,123.02999877929688,119.62000274658203,121.0,150712000
2020-10-15,116.98462677001953,120.70999908447266,121.19999694824219,118.1500015258789,118.72000122070312,112559200
2020-10-16,115.34676361083984,119.0199966430664,121.55000305175781,118.80999755859375,121.27999877929688,115393800
2020-10-19,112.40060424804688,115.9800033569336,120.41999816894531,115.66000366210938,119.95999908447266,120639300
2020-10-20,113.88336944580078,117.51000213623047,118.9800033569336,115.62999725341797,116.19999694824219,124423700
2020-10-21,113.26314544677734,116.87000274658203,118.70999908447266,116.44999694824219,116.66999816894531,89946000
2020-10-22,112.17771911621094,115.75,118.04000091552734,114.58999633789062,117.44999694824219,101988000
2020-10-23,111.48963928222656,115.04000091552734,116.55000305175781,114.27999877929688,116.38999938964844,82572600
2020-10-26,111.49930572509766,115.05000305175781,116.55000305175781,112.87999725341797,114.01000213623047,111850700
2020-10-27,113.00145721435547,116.5999984741211,117.27999877929688,114.54000091552734,115.48999786376953,92276800
2020-10-28,107.76811981201172,111.19999694824219,115.43000030517578,111.0999984741211,115.05000305175781,143937800
2020-10-29,111.76097106933594,115.31999969482422,116.93000030517578,112.19999694824219,112.37000274658203,146129200
2020-10-30,105.50035858154297,108.86000061035156,111.98999786376953,107.72000122070312,111.05999755859375,190272600
2020-11-02,105.41312408447266,108.7699966430664,110.68000030517578,107.31999969482422,109.11000061035156,122866900
2020-11-03,107.03158569335938,110.44000244140625,111.48999786376953,108.7300033569336,109.66000366210938,107624400
2020-11-04,111.40238189697266,114.94999694824219,115.58999633789062,112.3499984741211,114.13999938964844,138235500
2020-11-05,115.3564682006836,119.02999877929688,119.62000274658203,116.87000274658203,117.94999694824219,126387100
2020-11-06,115.22542572021484,118.69000244140625,119.19999694824219,116.12999725341797,118.31999969482422,114457900
2020-11-09,112.92459869384766,116.31999969482422,121.98999786376953,116.05000305175781,120.5,154515300
2020-11-10,112.58480834960938,115.97000122070312,117.58999633789062,114.12999725341797,115.55000305175781,138023400
2020-11-11,116.00208282470703,119.48999786376953,119.62999725341797,116.44000244140625,117.19000244140625,112295000
2020-11-12,115.73023986816406,119.20999908447266,120.52999877929688,118.56999969482422,119.62000274658203,103162300
2020-11-13,115.77877807617188,119.26000213623047,119.66999816894531,117.87000274658203,119.44000244140625,81581900
2020-11-16,116.78843688964844,120.30000305175781,120.98999786376953,118.1500015258789,118.91999816894531,91183000
2020-11-17,115.90499114990234,119.38999938964844,120.66999816894531,118.95999908447266,119.55000305175781,74271000
2020-11-18,114.58468627929688,118.02999877929688,119.81999969482422,118.0,118.61000061035156,76322100
2020-11-19,115.17688751220703,118.63999938964844,119.05999755859375,116.80999755859375,117.58999633789062,74113000
2020-11-20,113.914794921875,117.33999633789062,118.7699966430664,117.29000091552734,118.63999938964844,73604300
2020-11-23,110.52669525146484,113.8499984741211,117.62000274658203,113.75,117.18000030517578,127959300
2020-11-24,111.80815887451172,115.16999816894531,115.8499984741211,112.58999633789062,113.91000366210938,113874200
2020-11-25,112.64306640625,116.02999877929688,116.75,115.16999816894531,115.55000305175781,76499200
2020-11-27,113.18670654296875,116.58999633789062,117.48999786376953,116.22000122070312,116.56999969482422,46691300
2020-11-30,115.57491302490234,119.05000305175781,120.97000122070312,116.80999755859375,116.97000122070312,169410200
2020-12-01,119.13777923583984,122.72000122070312,123.47000122070312,120.01000213623047,121.01000213623047,127728200
2020-12-02,119.48725891113281,123.08000183105469,123.37000274658203,120.88999938964844,122.0199966430664,89004200
2020-12-03,119.35136413574219,122.94000244140625,123.77999877929688,122.20999908447266,123.5199966430664,78967600
2020-12-04,118.68150329589844,122.25,122.86000061035156,121.5199966430664,122.5999984741211,78260400
2020-12-07,120.13770294189453,123.75,124.56999969482422,122.25,122.30999755859375,86712000
2020-12-08,120.74931335449219,124.37999725341797,124.9800033569336,123.08999633789062,124.37000274658203,82225500
2020-12-09,118.22522735595703,121.77999877929688,125.94999694824219,121.0,124.52999877929688,115089200
2020-12-10,119.6426010131836,123.23999786376953,123.87000274658203,120.1500015258789,120.5,81312200
2020-12-11,118.83683776855469,122.41000366210938,122.76000213623047,120.55000305175781,122.43000030517578,86939800
2020-12-14,118.22522735595703,121.77999877929688,123.3499984741211,121.54000091552734,122.5999984741211,79184500
2020-12-15,124.14714813232422,127.87999725341797,127.9000015258789,124.12999725341797,124.33999633789062,157243700
2020-12-16,124.0792007446289,127.80999755859375,128.3699951171875,126.55999755859375,127.41000366210938,98208600
2020-12-17,124.94320678710938,128.6999969482422,129.5800018310547,128.0399932861328,128.89999389648438,94359800
2020-12-18,122.9627914428711,126.66000366210938,129.10000610351562,126.12000274658203,128.9600067138672,192541500
2020-12-21,124.48693084716797,128.22999572753906,128.30999755859375,123.44999694824219,125.0199966430664,121251600
2020-12-22,128.03042602539062,131.8800048828125,134.41000366210938,129.64999389648438,131.61000061035156,168904800
2020-12-23,127.13726043701172,130.9600067138672,132.42999267578125,130.77999877929688,132.16000366210938,88223700
2020-12-24,128.1177978515625,131.97000122070312,133.4600067138672,131.10000610351562,131.32000732421875,54930100
2020-12-28,132.6999969482422,136.69000244140625,137.33999633789062,133.50999450683594,133.99000549316406,124486200
2020-12-29,130.93312072753906,134.8699951171875,138.7899932861328,134.33999633789062,138.0500030517578,121047300
2020-12-30,129.81671142578125,133.72000122070312,135.99000549316406,133.39999389648438,135.5800018310547,96452100
2020-12-31,128.81675720214844,132.69000244140625,134.74000549316406,131.72000122070312,134.0800018310547,99116600
2021-01-04,125.63247680664062,129.41000366210938,133.61000061035156,126.76000213623047,133.52000427246094,143301900
2021-01-05,127.185791015625,131.00999450683594,131.74000549316406,128.42999267578125,128.88999938964844,97664900
2021-01-06,122.90451049804688,126.5999984741211,131.0500030517578,126.37999725341797,127.72000122070312,155088000
2021-01-07,127.09843444824219,130.9199981689453,131.6300048828125,127.86000061035156,128.36000061035156,109578200
2021-01-08,128.19540405273438,132.0500030517578,132.6300048828125,130.22999572753906,132.42999267578125,105158200
2021-01-11,125.21504974365234,128.97999572753906,130.1699981689453,128.5,129.19000244140625,100384500
2021-01-12,125.04032897949219,128.8000030517578,129.69000244140625,126.86000061035156,128.5,91951100
2021-01-13,127.06926727294922,130.88999938964844,131.4499969482422,128.49000549316406,128.75999450683594,88636800
2021-01-14,125.1471176147461,128.91000366210938,131.0,128.75999450683594,130.8000030517578,90221800
2021-01-15,123.42875671386719,127.13999938964844,130.22000122070312,127.0,128.77999877929688,111598500
2021-01-19,124.0986328125,127.83000183105469,128.7100067138672,126.94000244140625,127.77999877929688,90757300
2021-01-20,128.17601013183594,132.02999877929688,132.49000549316406,128.5500030517578,128.66000366210938,104319500
2021-01-21,132.874755859375,136.8699951171875,139.6699981689453,133.58999633789062,133.8000030517578,120150900
2021-01-22,135.01052856445312,139.07000732421875,139.85000610351562,135.02000427246094,136.27999877929688,114459400
2021-01-25,138.74813842773438,142.9199981689453,145.08999633789062,136.5399932861328,143.07000732421875,157611700
2021-01-26,138.9811248779297,143.16000366210938,144.3000030517578,141.3699951171875,143.60000610351562,98390600
2021-01-27,137.91323852539062,142.05999755859375,144.3000030517578,140.41000366210938,143.42999267578125,140843800
2021-01-28,133.08831787109375,137.08999633789062,141.99000549316406,136.6999969482422,139.52000427246094,142621100
2021-01-29,128.10806274414062,131.9600067138672,136.74000549316406,130.2100067138672,135.8300018310547,177523800
2021-02-01,130.2244110107422,134.13999938964844,135.3800048828125,130.92999267578125,133.75,106239800
2021-02-02,131.04957580566406,134.99000549316406,136.30999755859375,134.61000061035156,135.72999572753906,83305400
2021-02-03,130.03025817871094,133.94000244140625,135.77000427246094,133.61000061035156,135.75999450683594,89880900
2021-02-04,133.37954711914062,137.38999938964844,137.39999389648438,134.58999633789062,136.3000030517578,84183100
2021-02-05,132.9663543701172,136.75999450683594,137.4199981689453,135.86000061035156,137.35000610351562,75693800
2021-02-08,133.11219787597656,136.91000366210938,136.9600067138672,134.9199981689453,136.02999877929688,71297200
2021-02-09,132.23716735839844,136.00999450683594,137.8800048828125,135.85000610351562,136.6199951171875,76774200
2021-02-10,131.6343536376953,135.38999938964844,136.99000549316406,134.39999389648438,136.47999572753906,73046600
2021-02-11,131.381591796875,135.1300048828125,136.38999938964844,133.77000427246094,135.89999389648438,64280000
2021-02-12,131.6148681640625,135.3699951171875,135.52999877929688,133.69000244140625,134.35000610351562,60145100
2021-02-16,129.49539184570312,133.19000244140625,136.00999450683594,132.7899932861328,135.49000549316406,80576300
2021-02-17,127.21054077148438,130.83999633789062,132.22000122070312,129.47000122070312,131.25,97918500
2021-02-18,126.11190795898438,129.7100067138672,130.0,127.41000366210938,129.1999969482422,96856700
2021-02-19,126.26748657226562,129.8699951171875,130.7100067138672,128.8000030517578,130.24000549316406,87668800
2021-02-22,122.50481414794922,126.0,129.72000122070312,125.5999984741211,128.00999450683594,103916400
2021-02-23,122.36872100830078,125.86000061035156,126.70999908447266,118.38999938964844,123.76000213623047,158273000
2021-02-24,121.87284088134766,125.3499984741211,125.55999755859375,122.2300033569336,124.94000244140625,111039900
2021-02-25,117.63379669189453,120.98999786376953,126.45999908447266,120.54000091552734,124.68000030517578,148199500
2021-02-26,117.89631652832031,121.26000213623047,124.8499984741211,121.19999694824219,122.58999633789062,164560400
2021-03-01,124.24515533447266,127.79000091552734,127.93000030517578,122.79000091552734,123.75,116307900
2021-03-02,121.64923858642578,125.12000274658203,128.72000122070312,125.01000213623047,128.41000366210938,102260900
2021-03-03,118.67411804199219,122.05999755859375,125.70999908447266,121.83999633789062,124.80999755859375,112966300
2021-03-04,116.79763793945312,120.12999725341797,123.5999984741211,118.62000274658203,121.75,178155000
2021-03-05,118.05186462402344,121.41999816894531,121.94000244140625,117.56999969482422,120.9800033569336,153766600
2021-03-08,113.1322250366211,116.36000061035156,121.0,116.20999908447266,120.93000030517578,154376600
2021-03-09,117.73101806640625,121.08999633789062,122.05999755859375,118.79000091552734,119.02999877929688,129525800
2021-03-10,116.65180206298828,119.9800033569336,122.16999816894531,119.44999694824219,121.69000244140625,111943300
2021-03-11,118.576904296875,121.95999908447266,123.20999908447266,121.26000213623047,122.54000091552734,103026500
2021-03-12,117.67269134521484,121.02999877929688,121.16999816894531,119.16000366210938,120.4000015258789,88105100
2021-03-15,120.55058288574219,123.98999786376953,124.0,120.41999816894531,121.41000366210938,92403800
2021-03-16,122.08676147460938,125.56999969482422,127.22000122070312,124.72000122070312,125.69999694824219,115227900
2021-03-17,121.29920959472656,124.76000213623047,125.86000061035156,122.33999633789062,124.05000305175781,111932600
2021-03-18,117.18655395507812,120.52999877929688,123.18000030517578,120.31999969482422,122.87999725341797,121229700
2021-03-19,116.66152954101562,119.98999786376953,121.43000030517578,119.68000030517578,119.9000015258789,185549500
2021-03-22,119.96722412109375,123.38999938964844,123.87000274658203,120.26000213623047,120.33000183105469,111912300
2021-03-23,119.14082336425781,122.54000091552734,124.23999786376953,122.13999938964844,123.33000183105469,95467100
2021-03-24,116.75875854492188,120.08999633789062,122.9000015258789,120.06999969482422,122.81999969482422,88530500
2021-03-25,117.2448959350586,120.58999633789062,121.66000366210938,119.0,119.54000091552734,98844700
2021-03-26,117.84767150878906,121.20999908447266,121.4800033569336,118.91999816894531,120.3499984741211,94071200
2021-03-29,118.02269744873047,121.38999938964844,122.58000183105469,120.7300033569336,121.6500015258789,80819200
2021-03-30,116.57404327392578,119.9000015258789,120.4000015258789,118.86000061035156,120.11000061035156,85671900
2021-03-31,118.76161193847656,122.1500015258789,123.5199966430664,121.1500015258789,121.6500015258789,118323800
2021-04-01,119.58804321289062,123.0,124.18000030517578,122.48999786376953,123.66000366210938,75089100
2021-04-05,122.4075927734375,125.9000015258789,126.16000366210938,123.06999969482422,123.87000274658203,88651200
2021-04-06,122.7090072631836,126.20999908447266,127.12999725341797,125.6500015258789,126.5,80171300
2021-04-07,124.35213470458984,127.9000015258789,127.91999816894531,125.13999938964844,125.83000183105469,83466700
2021-04-08,126.74388122558594,130.36000061035156,130.38999938964844,128.52000427246094,128.9499969482422,88844600
2021-04-09,129.31063842773438,133.0,133.0399932861328,129.47000122070312,129.8000030517578,106686700
2021-04-12,127.59947204589844,131.24000549316406,132.85000610351562,130.6300048828125,132.52000427246094,91420000
2021-04-13,130.70095825195312,134.42999267578125,134.66000366210938,131.92999267578125,132.44000244140625,91266500
2021-04-14,128.36753845214844,132.02999877929688,135.0,131.66000366210938,134.94000244140625,87222800
2021-04-15,130.76904296875,134.5,135.0,133.63999938964844,133.82000732421875,89347100
2021-04-16,130.4384765625,134.16000366210938,134.6699981689453,133.27999877929688,134.3000030517578,84922400
2021-04-19,131.09963989257812,134.83999633789062,135.47000122070312,133.33999633789062,133.50999450683594,94264200
2021-04-20,129.41758728027344,133.11000061035156,135.52999877929688,131.80999755859375,135.02000427246094,94812300
2021-04-21,129.79678344726562,133.5,133.75,131.3000030517578,132.36000061035156,68847100
2021-04-22,128.280029296875,131.94000244140625,134.14999389648438,131.41000366210938,133.0399932861328,84566500
2021-04-23,130.59405517578125,134.32000732421875,135.1199951171875,132.16000366210938,132.16000366210938,78657500
2021-04-26,130.98294067382812,134.72000122070312,135.05999755859375,133.55999755859375,134.8300018310547,66905100
2021-04-27,130.66209411621094,134.38999938964844,135.41000366210938,134.11000061035156,135.00999450683594,66015800
2021-04-28,129.8745574951172,133.5800018310547,135.02000427246094,133.0800018310547,134.30999755859375,107760100
2021-04-29,129.77734375,133.47999572753906,137.07000732421875,132.4499969482422,136.47000122070312,151101000
2021-04-30,127.81340026855469,131.4600067138672,133.55999755859375,131.07000732421875,131.77999877929688,109839500
2021-05-03,128.8634033203125,132.5399932861328,134.07000732421875,131.8300018310547,132.0399932861328,75135100
2021-05-04,124.30349731445312,127.8499984741211,131.49000549316406,126.69999694824219,131.19000244140625,137564700
2021-05-05,124.54657745361328,128.10000610351562,130.4499969482422,127.97000122070312,129.1999969482422,84000900
2021-05-06,126.14108276367188,129.74000549316406,129.75,127.12999725341797,127.88999938964844,78128300
2021-05-07,126.81307220458984,130.2100067138672,131.25999450683594,129.47999572753906,130.85000610351562,78973300
2021-05-10,123.54072570800781,126.8499984741211,129.5399932861328,126.80999755859375,129.41000366210938,88071200
2021-05-11,122.62525939941406,125.91000366210938,126.2699966430664,122.7699966430664,123.5,126142800
2021-05-12,119.5671615600586,122.7699966430664,124.63999938964844,122.25,123.4000015258789,112172300
2021-05-13,121.70978546142578,124.97000122070312,126.1500015258789,124.26000213623047,124.58000183105469,105861300
2021-05-14,124.12509155273438,127.44999694824219,127.88999938964844,125.8499984741211,126.25,81918000
2021-05-17,122.97586059570312,126.2699966430664,126.93000030517578,125.16999816894531,126.81999969482422,74244600
2021-05-18,121.59291076660156,124.8499984741211,126.98999786376953,124.77999877929688,126.55999755859375,63342900
2021-05-19,121.43707275390625,124.69000244140625,124.91999816894531,122.86000061035156,123.16000366210938,92612000
2021-05-20,123.98872375488281,127.30999755859375,127.72000122070312,125.0999984741211,125.2300033569336,76857100
2021-05-21,122.15777587890625,125.43000030517578,128.0,125.20999908447266,127.81999969482422,79295400
2021-05-24,123.78421783447266,127.0999984741211,127.94000244140625,125.94000244140625,126.01000213623047,63092900
2021-05-25,123.58944702148438,126.9000015258789,128.32000732421875,126.31999969482422,127.81999969482422,72009500
2021-05-26,123.54072570800781,126.8499984741211,127.38999938964844,126.41999816894531,126.95999908447266,56575900
2021-05-27,122.01167297363281,125.27999877929688,127.63999938964844,125.08000183105469,126.44000244140625,94625600
2021-05-28,121.35916900634766,124.61000061035156,125.80000305175781,124.55000305175781,125.56999969482422,71311100
2021-06-01,121.03777313232422,124.27999877929688,125.3499984741211,123.94000244140625,125.08000183105469,67637100
2021-06-02,121.79740905761719,125.05999755859375,125.23999786376953,124.05000305175781,124.27999877929688,59278900
2021-06-03,120.31709289550781,123.54000091552734,124.8499984741211,123.12999725341797,124.68000030517578,76229200
2021-06-04,122.60578155517578,125.88999938964844,126.16000366210938,123.8499984741211,124.06999969482422,75169300
2021-06-07,122.61551666259766,125.9000015258789,126.31999969482422,124.83000183105469,126.16999816894531,71057600
2021-06-08,123.43357849121094,126.73999786376953,128.4600067138672,126.20999908447266,126.5999984741211,74403800
2021-06-09,123.81344604492188,127.12999725341797,127.75,126.5199966430664,127.20999908447266,56877900
2021-06-10,122.82003021240234,126.11000061035156,128.19000244140625,125.94000244140625,127.0199966430664,71186400
2021-06-11,124.02767944335938,127.3499984741211,127.44000244140625,126.0999984741211,126.52999877929688,53522400
2021-06-14,127.0760269165039,130.47999572753906,130.5399932861328,127.06999969482422,127.81999969482422,96906500
2021-06-15,126.25794219970703,129.63999938964844,130.60000610351562,129.38999938964844,129.94000244140625,62746300
2021-06-16,126.75465393066406,130.14999389648438,130.88999938964844,128.4600067138672,130.3699951171875,91815000
2021-06-17,128.35186767578125,131.7899932861328,132.5500030517578,129.64999389648438,129.8000030517578,96721700
2021-06-18,127.05653381347656,130.4600067138672,131.50999450683594,130.24000549316406,130.7100067138672,108953300
2021-06-21,128.84857177734375,132.3000030517578,132.41000366210938,129.2100067138672,130.3000030517578,79663300
2021-06-22,130.4847412109375,133.97999572753906,134.0800018310547,131.6199951171875,132.1300048828125,74783600
2021-06-23,130.2120361328125,133.6999969482422,134.32000732421875,133.22999572753906,133.77000427246094,60214200
2021-06-24,129.92958068847656,133.41000366210938,134.63999938964844,132.92999267578125,134.4499969482422,68711000
2021-06-25,129.6374053955078,133.11000061035156,133.88999938964844,132.80999755859375,133.4600067138672,70783700
2021-06-28,131.2638397216797,134.77999877929688,135.25,133.35000610351562,133.41000366210938,62111300
2021-06-29,132.7734375,136.3300018310547,136.49000549316406,134.35000610351562,134.8000030517578,64556100
2021-06-30,133.386962890625,136.9600067138672,137.41000366210938,135.8699951171875,136.1699981689453,63261400
2021-07-01,133.6889190673828,137.27000427246094,137.3300018310547,135.75999450683594,136.60000610351562,52485800
2021-07-02,136.30874633789062,139.9600067138672,140.0,137.75,137.89999389648438,78852600
2021-07-06,138.31500244140625,142.02000427246094,143.14999389648438,140.07000732421875,140.07000732421875,108181800
2021-07-07,140.7984619140625,144.57000732421875,144.88999938964844,142.66000366210938,143.5399932861328,104911600
2021-07-08,139.50315856933594,143.24000549316406,144.05999755859375,140.6699981689453,141.5800018310547,105575500
2021-07-09,141.32432556152344,145.11000061035156,145.64999389648438,142.64999389648438,142.75,99890800
2021-07-12,140.73028564453125,144.5,146.32000732421875,144.0,146.2100067138672,76299700
2021-07-13,141.8405303955078,145.63999938964844,147.4600067138672,143.6300048828125,144.02999877929688,100827100
2021-07-14,145.2589569091797,149.14999389648438,149.57000732421875,147.67999267578125,148.10000610351562,127050800
2021-07-15,144.6064453125,148.47999572753906,150.0,147.08999633789062,149.24000549316406,106820300
2021-07-16,142.5709686279297,146.38999938964844,149.75999450683594,145.8800048828125,148.4600067138672,93251400
2021-07-19,138.73377990722656,142.4499969482422,144.07000732421875,141.6699981689453,143.75,121434600
2021-07-20,142.33724975585938,146.14999389648438,147.10000610351562,142.9600067138672,143.4600067138672,96350000
2021-07-21,141.6068115234375,145.39999389648438,146.1300048828125,144.6300048828125,145.52999877929688,74993500
2021-07-22,142.97027587890625,146.8000030517578,148.1999969482422,145.80999755859375,145.94000244140625,77338200
2021-07-23,144.68438720703125,148.55999755859375,148.72000122070312,146.9199981689453,147.5500030517578,71447400
2021-07-26,145.10313415527344,148.99000549316406,149.8300018310547,147.6999969482422,148.27000427246094,72434100
2021-07-27,142.94107055664062,146.77000427246094,149.2100067138672,145.5500030517578,149.1199951171875,104818600
2021-07-28,141.19776916503906,144.97999572753906,146.97000122070312,142.5399932861328,144.80999755859375,118931200
2021-07-29,141.8405303955078,145.63999938964844,146.5500030517578,144.5800018310547,144.69000244140625,56699500
2021-07-30,142.05479431152344,145.86000061035156,146.3300018310547,144.11000061035156,144.3800048828125,70440600
2021-08-02,141.72366333007812,145.52000427246094,146.9499969482422,145.25,146.36000061035156,62880000
2021-08-03,143.5156707763672,147.36000061035156,148.0399932861328,145.17999267578125,145.80999755859375,64786600
2021-08-04,143.1163330078125,146.9499969482422,147.7899932861328,146.27999877929688,147.27000427246094,56368300
2021-08-05,143.2235107421875,147.05999755859375,147.83999633789062,146.1699981689453,146.97999572753906,46397700
2021-08-06,142.54074096679688,146.13999938964844,147.11000061035156,145.6300048828125,146.35000610351562,54126800
2021-08-09,142.49197387695312,146.08999633789062,146.6999969482422,145.52000427246094,146.1999969482422,48908700
2021-08-10,142.01405334472656,145.60000610351562,147.7100067138672,145.3000030517578,146.44000244140625,69023100
2021-08-11,142.2676239013672,145.86000061035156,146.72000122070312,145.52999877929688,146.0500030517578,48493500
2021-08-12,145.22300720214844,148.88999938964844,149.0500030517578,145.83999633789062,146.19000244140625,72282600
2021-08-13,145.42787170410156,149.10000610351562,149.44000244140625,148.27000427246094,148.97000122070312,59375000
2021-08-16,147.3980712890625,151.1199951171875,151.19000244140625,146.47000122070312,148.5399932861328,103296000
2021-08-17,146.49098205566406,150.19000244140625,151.67999267578125,149.08999633789062,150.22999572753906,92229700
2021-08-18,142.75531005859375,146.36000061035156,150.72000122070312,146.14999389648438,149.8000030517578,86326000
2021-08-19,143.08692932128906,146.6999969482422,148.0,144.5,145.02999877929688,86960300
2021-08-20,144.54026794433594,148.19000244140625,148.5,146.77999877929688,147.44000244140625,60549600
2021-08-23,146.02281188964844,149.7100067138672,150.19000244140625,147.88999938964844,148.30999755859375,60131800
2021-08-24,145.93504333496094,149.6199951171875,150.86000061035156,149.14999389648438,149.4499969482422,48606400
2021-08-25,144.7060546875,148.36000061035156,150.32000732421875,147.8000030517578,149.80999755859375,58991300
2021-08-26,143.90625,147.5399932861328,149.1199951171875,147.50999450683594,148.35000610351562,48597200
2021-08-27,144.94012451171875,148.60000610351562,148.75,146.8300018310547,147.47999572753906,55802400
2021-08-30,149.34884643554688,153.1199951171875,153.49000549316406,148.61000061035156,149.0,90956700
2021-08-31,148.09060668945312,151.8300018310547,152.8000030517578,151.2899932861328,152.66000366210938,86453100
2021-09-01,148.7538604736328,152.50999450683594,154.97999572753906,152.33999633789062,152.8300018310547,80313700
2021-09-02,149.86578369140625,153.64999389648438,154.72000122070312,152.39999389648438,153.8699951171875,71115500
2021-09-03,150.4998016357422,154.3000030517578,154.6300048828125,153.08999633789062,153.75999450683594,57808700
2021-09-07,152.83090209960938,156.69000244140625,157.25999450683594,154.38999938964844,154.97000122070312,82278300
2021-09-08,151.28981018066406,155.11000061035156,157.0399932861328,153.97999572753906,156.97999572753906,74420200
2021-09-09,150.27545166015625,154.07000732421875,156.11000061035156,153.9499969482422,155.49000549316406,57305700
2021-09-10,145.30104064941406,148.97000122070312,155.47999572753906,148.6999969482422,155.0,140893200
2021-09-13,145.86676025390625,149.5500030517578,151.4199981689453,148.75,150.6300048828125,102404300
2021-09-14,144.47195434570312,148.1199951171875,151.07000732421875,146.91000366210938,150.35000610351562,109296300
2021-09-15,145.3595428466797,149.02999877929688,149.44000244140625,146.3699951171875,148.55999755859375,83281300
2021-09-16,145.1254425048828,148.7899932861328,148.97000122070312,147.22000122070312,148.44000244140625,68034100
2021-09-17,142.46267700195312,146.05999755859375,148.82000732421875,145.75999450683594,148.82000732421875,129868800
2021-09-20,139.41957092285156,142.94000244140625,144.83999633789062,141.27000427246094,143.8000030517578,123478900
2021-09-21,139.89749145507812,143.42999267578125,144.60000610351562,142.77999877929688,143.92999267578125,75834000
2021-09-22,142.25787353515625,145.85000610351562,146.42999267578125,143.6999969482422,144.4499969482422,76404300
2021-09-23,143.2136993408203,146.8300018310547,147.0800018310547,145.63999938964844,146.64999389648438,64838200
2021-09-24,143.30149841308594,146.9199981689453,147.47000122070312,145.55999755859375,145.66000366210938,53477900
2021-09-27,141.7897186279297,145.3699951171875,145.9600067138672,143.82000732421875,145.47000122070312,74150700
2021-09-28,138.41494750976562,141.91000366210938,144.75,141.69000244140625,143.25,108972300
2021-09-29,139.31227111816406,142.8300018310547,144.4499969482422,142.02999877929688,142.47000122070312,74602000
2021-09-30,138.01504516601562,141.5,144.3800048828125,141.27999877929688,143.66000366210938,89056700
2021-10-01,139.1366729736328,142.64999389648438,142.9199981689453,139.11000061035156,141.89999389648438,94639600
2021-10-04,135.71311950683594,139.13999938964844,142.2100067138672,138.27000427246094,141.75999450683594,98322000
2021-10-05,137.63461303710938,141.11000061035156,142.24000549316406,139.36000061035156,139.49000549316406,80861100
2021-10-06,138.50270080566406,142.0,142.14999389648438,138.3699951171875,139.47000122070312,83221100
2021-10-07,139.76089477539062,143.2899932861328,144.22000122070312,142.72000122070312,143.05999755859375,61732700
2021-10-08,139.38050842285156,142.89999389648438,144.17999267578125,142.55999755859375,144.02999877929688,58773200
2021-10-11,139.29275512695312,142.80999755859375,144.80999755859375,141.80999755859375,142.27000427246094,64452200
2021-10-12,138.0247802734375,141.50999450683594,143.25,141.0399932861328,143.22999572753906,73035900
2021-10-13,137.43955993652344,140.91000366210938,141.39999389648438,139.1999969482422,141.24000549316406,78762700
2021-10-14,140.2192840576172,143.75999450683594,143.8800048828125,141.50999450683594,142.11000061035156,69907100
2021-10-15,141.27273559570312,144.83999633789062,144.89999389648438,143.50999450683594,143.77000427246094,67940300
2021-10-18,142.94065856933594,146.5500030517578,146.83999633789062,143.16000366210938,143.4499969482422,85589200
2021-10-19,145.09619140625,148.75999450683594,149.1699981689453,146.5500030517578,147.00999450683594,76378900
2021-10-20,145.58387756347656,149.25999450683594,149.75,148.1199951171875,148.6999969482422,58418800
2021-10-21,145.79849243164062,149.47999572753906,149.63999938964844,147.8699951171875,148.80999755859375,61421000
2021-10-22,145.0279541015625,148.69000244140625,150.17999267578125,148.63999938964844,149.69000244140625,58883400
2021-10-25,144.9791717529297,148.63999938964844,149.3699951171875,147.6199951171875,148.67999267578125,50720600
2021-10-26,145.64244079589844,149.32000732421875,150.83999633789062,149.00999450683594,149.3300018310547,60893400
2021-10-27,145.1840057373047,148.85000610351562,149.72999572753906,148.49000549316406,149.36000061035156,56094900
2021-10-28,148.81239318847656,152.57000732421875,153.1699981689453,149.72000122070312,149.82000732421875,100077900
2021-10-29,146.110595703125,149.8000030517578,149.94000244140625,146.41000366210938,147.22000122070312,124953200
2021-11-01,145.29132080078125,148.9600067138672,149.6999969482422,147.8000030517578,148.99000549316406,74588300
2021-11-02,146.3251495361328,150.02000427246094,151.57000732421875,148.64999389648438,148.66000366210938,69122000
2021-11-03,147.7589874267578,151.49000549316406,151.97000122070312,149.82000732421875,150.38999938964844,54511500
2021-11-04,147.24205017089844,150.9600067138672,152.42999267578125,150.63999938964844,151.5800018310547,60394600
2021-11-05,147.7694854736328,151.27999877929688,152.1999969482422,150.05999755859375,151.88999938964844,65463900
2021-11-08,146.94900512695312,150.44000244140625,151.57000732421875,150.16000366210938,151.41000366210938,55020900
2021-11-09,147.31039428710938,150.80999755859375,151.42999267578125,150.05999755859375,150.1999969482422,56787900
2021-11-10,144.48748779296875,147.9199981689453,150.1300048828125,147.85000610351562,150.02000427246094,65187100
2021-11-11,144.4385986328125,147.8699951171875,149.42999267578125,147.67999267578125,148.9600067138672,41000000
2021-11-12,146.5094451904297,149.99000549316406,150.39999389648438,147.47999572753906,148.42999267578125,63804000
2021-11-15,146.51914978027344,150.0,151.8800048828125,149.42999267578125,150.3699951171875,59222800
2021-11-16,147.49598693847656,151.0,151.49000549316406,149.33999633789062,149.94000244140625,59256200
2021-11-17,149.92823791503906,153.49000549316406,155.0,150.99000549316406,151.0,88807000
2021-11-18,154.20657348632812,157.8699951171875,158.6699981689453,153.0500030517578,153.7100067138672,137827700
2021-11-19,156.82435607910156,160.5500030517578,161.02000427246094,156.52999877929688,157.64999389648438,117305600
2021-11-22,157.28347778320312,161.02000427246094,165.6999969482422,161.0,161.67999267578125,117467900
2021-11-23,157.66445922851562,161.41000366210938,161.8000030517578,159.05999755859375,161.1199951171875,96041900
2021-11-24,158.18212890625,161.94000244140625,162.13999938964844,159.63999938964844,160.75,69463600
2021-11-26,153.1711883544922,156.80999755859375,160.4499969482422,156.36000061035156,159.57000732421875,76959800
2021-11-29,156.52157592773438,160.24000549316406,161.19000244140625,158.7899932861328,159.3699951171875,88748200
2021-11-30,161.46417236328125,165.3000030517578,165.52000427246094,159.9199981689453,159.99000549316406,174048100
2021-12-01,160.9464569091797,164.77000427246094,170.3000030517578,164.52999877929688,167.47999572753906,152052500
2021-12-02,159.95989990234375,163.75999450683594,164.1999969482422,157.8000030517578,158.74000549316406,136739200
2021-12-03,158.0844268798828,161.83999633789062,164.9600067138672,159.72000122070312,164.02000427246094,118023100
2021-12-06,161.48370361328125,165.32000732421875,167.8800048828125,164.27999877929688,164.2899932861328,107497000
2021-12-07,167.2076873779297,171.17999267578125,171.5800018310547,168.33999633789062,169.0800018310547,120405400
2021-12-08,171.01719665527344,175.0800018310547,175.9600067138672,170.6999969482422,172.1300048828125,116998900
2021-12-09,170.50927734375,174.55999755859375,176.75,173.9199981689453,174.91000366210938,108923700
2021-12-10,175.28578186035156,179.4499969482422,179.6300048828125,174.69000244140625,175.2100067138672,115402700
2021-12-13,171.66188049316406,175.74000549316406,182.1300048828125,175.52999877929688,181.1199951171875,153237000
2021-12-14,170.2846221923828,174.3300018310547,177.74000549316406,172.2100067138672,175.25,139380400
2021-12-15,175.13926696777344,179.3000030517578,179.5,172.30999755859375,175.11000061035156,131063300
2021-12-16,168.26263427734375,172.25999450683594,181.13999938964844,170.75,179.27999877929688,150185800
2021-12-17,167.16860961914062,171.13999938964844,173.47000122070312,169.69000244140625,169.92999267578125,195432700
2021-12-20,165.8109130859375,169.75,170.5800018310547,167.4600067138672,168.27999877929688,107499100
2021-12-21,168.9757080078125,172.99000549316406,173.1999969482422,169.1199951171875,171.55999755859375,91185900
2021-12-22,171.56422424316406,175.63999938964844,175.86000061035156,172.14999389648438,173.0399932861328,92135300
2021-12-23,172.1893310546875,176.27999877929688,176.85000610351562,175.27000427246094,175.85000610351562,68356600
2021-12-27,176.1453857421875,180.3300018310547,180.4199981689453,177.07000732421875,177.08999633789062,74919600
2021-12-28,175.12950134277344,179.2899932861328,181.3300018310547,178.52999877929688,180.16000366210938,79144300
2021-12-29,175.21742248535156,179.3800048828125,180.6300048828125,178.13999938964844,179.3300018310547,62348900
2021-12-30,174.06478881835938,178.1999969482422,180.57000732421875,178.08999633789062,179.47000122070312,59773000
2021-12-31,173.4494171142578,177.57000732421875,179.22999572753906,177.25999450683594,178.08999633789062,64062300
2022-01-03,177.78639221191406,182.00999450683594,182.8800048828125,177.7100067138672,177.8300018310547,104487900
2022-01-04,175.52999877929688,179.6999969482422,182.94000244140625,179.1199951171875,182.6300048828125,99310400
2022-01-05,170.8609161376953,174.9199981689453,180.1699981689453,174.63999938964844,179.61000061035156,94537600
2022-01-06,168.0086669921875,172.0,175.3000030517578,171.63999938964844,172.6999969482422,96904000
2022-01-07,168.17477416992188,172.1699981689453,174.13999938964844,171.02999877929688,172.88999938964844,86709100
2022-01-10,168.19427490234375,172.19000244140625,172.5,168.1699981689453,169.0800018310547,106765600
2022-01-11,171.01719665527344,175.0800018310547,175.17999267578125,170.82000732421875,172.32000732421875,76138300
2022-01-12,171.45672607421875,175.52999877929688,177.17999267578125,174.82000732421875,176.1199951171875,74805200
2022-01-13,168.19427490234375,172.19000244140625,176.6199951171875,171.7899932861328,175.77999877929688,84505800
2022-01-14,169.0538787841797,173.07000732421875,173.77999877929688,171.08999633789062,171.33999633789062,80440800
2022-01-18,165.8597412109375,169.8000030517578,172.5399932861328,169.41000366210938,171.50999450683594,90956700
2022-01-19,162.37257385253906,166.22999572753906,171.0800018310547,165.94000244140625,170.0,94815000
2022-01-20,160.69244384765625,164.50999450683594,169.67999267578125,164.17999267578125,166.97999572753906,91420500
2022-01-21,158.64125061035156,162.41000366210938,166.3300018310547,162.3000030517578,164.4199981689453,122848900
2022-01-24,157.86952209472656,161.6199951171875,162.3000030517578,154.6999969482422,160.02000427246094,162294600
2022-01-25,156.07228088378906,159.77999877929688,162.75999450683594,157.02000427246094,158.97999572753906,115798400
2022-01-26,155.98431396484375,159.69000244140625,164.38999938964844,157.82000732421875,163.5,108275300
2022-01-27,155.52525329589844,159.22000122070312,163.83999633789062,158.27999877929688,162.4499969482422,121954600
2022-01-28,166.37741088867188,170.3300018310547,170.35000610351562,162.8000030517578,165.7100067138672,179935700
2022-01-31,170.72415161132812,174.77999877929688,175.0,169.50999450683594,170.16000366210938,115541600
2022-02-01,170.55813598632812,174.61000061035156,174.83999633789062,172.30999755859375,174.00999450683594,86213900
2022-02-02,171.7595672607422,175.83999633789062,175.8800048828125,173.3300018310547,174.75,84914300
2022-02-03,168.8877716064453,172.89999389648438,176.24000549316406,172.1199951171875,174.47999572753906,89418100
2022-02-04,168.60415649414062,172.38999938964844,174.10000610351562,170.67999267578125,171.67999267578125,82465400
2022-02-07,167.8902130126953,171.66000366210938,173.9499969482422,170.9499969482422,172.86000061035156,77251200
2022-02-08,170.99057006835938,174.8300018310547,175.35000610351562,171.42999267578125,171.72999572753906,74829200
2022-02-09,172.40875244140625,176.27999877929688,176.64999389648438,174.89999389648438,176.0500030517578,71285000
2022-02-10,168.340087890625,172.1199951171875,175.47999572753906,171.5500030517578,174.13999938964844,90865900
2022-02-11,164.93650817871094,168.63999938964844,173.0800018310547,168.0399932861328,172.3300018310547,98670700
2022-02-14,165.17123413085938,168.8800048828125,169.5800018310547,166.55999755859375,167.3699951171875,86185500
2022-02-15,168.99533081054688,172.7899932861328,172.9499969482422,170.25,170.97000122070312,62527400
2022-02-16,168.7606658935547,172.5500030517578,173.33999633789062,170.0500030517578,171.85000610351562,61177400
2022-02-17,165.17123413085938,168.8800048828125,171.91000366210938,168.47000122070312,171.02999877929688,69589300
2022-02-18,163.6259765625,167.3000030517578,170.5399932861328,166.19000244140625,169.82000732421875,82772700
2022-02-22,160.71139526367188,164.32000732421875,166.69000244140625,162.14999389648438,164.97999572753906,91162800
2022-02-23,156.55474853515625,160.07000732421875,166.14999389648438,159.75,165.5399932861328,90009200
2022-02-24,159.1660919189453,162.74000549316406,162.85000610351562,152.0,152.5800018310547,141147500
2022-02-25,161.22976684570312,164.85000610351562,165.1199951171875,160.8699951171875,163.83999633789062,91974200
2022-02-28,161.4938201904297,165.1199951171875,165.4199981689453,162.42999267578125,163.05999755859375,95056600
2022-03-01,159.6160125732422,163.1999969482422,166.60000610351562,161.97000122070312,164.6999969482422,83474400
2022-03-02,162.90220642089844,166.55999755859375,167.36000061035156,162.9499969482422,164.38999938964844,79724800
2022-03-03,162.5794219970703,166.22999572753906,168.91000366210938,165.5500030517578,168.47000122070312,76678400
2022-03-04,159.5866241455078,163.1699981689453,165.5500030517578,162.10000610351562,164.49000549316406,83737200
2022-03-07,155.8016357421875,159.3000030517578,165.02000427246094,159.0399932861328,163.36000061035156,96418800
2022-03-08,153.9824676513672,157.44000244140625,162.8800048828125,155.8000030517578,158.82000732421875,131148300
2022-03-09,159.3715057373047,162.9499969482422,163.41000366210938,159.41000366210938,161.47999572753906,91454900
2022-03-10,155.03878784179688,158.52000427246094,160.38999938964844,155.97999572753906,160.1999969482422,105342000
2022-03-11,151.3319549560547,154.72999572753906,159.27999877929688,154.5,158.92999267578125,96970100
2022-03-14,147.31227111816406,150.6199951171875,154.1199951171875,150.10000610351562,151.4499969482422,108732100
2022-03-15,151.68411254882812,155.08999633789062,155.57000732421875,150.3800048828125,150.89999389648438,92964300
2022-03-16,156.08526611328125,159.58999633789062,160.0,154.4600067138672,157.0500030517578,102300200
2022-03-17,157.09262084960938,160.6199951171875,161.0,157.6300048828125,158.61000061035156,75615400
2022-03-18,160.3788604736328,163.97999572753906,164.47999572753906,159.75999450683594,160.50999450683594,123511700
2022-03-21,161.7480926513672,165.3800048828125,166.35000610351562,163.00999450683594,163.50999450683594,95811400
2022-03-22,165.11256408691406,168.82000732421875,169.4199981689453,164.91000366210938,165.50999450683594,81532000
2022-03-23,166.4720916748047,170.2100067138672,172.63999938964844,167.64999389648438,167.99000549316406,98062700
2022-03-24,170.24729919433594,174.07000732421875,174.13999938964844,170.2100067138672,171.05999755859375,90131400
2022-03-25,170.88299560546875,174.72000122070312,175.27999877929688,172.75,173.8800048828125,80546200
2022-03-28,171.74368286132812,175.60000610351562,175.72999572753906,172.0,172.1699981689453,90371900
2022-03-29,175.02989196777344,178.9600067138672,179.00999450683594,176.33999633789062,176.69000244140625,100589400
2022-03-30,173.8660125732422,177.77000427246094,179.61000061035156,176.6999969482422,178.5500030517578,92633200
2022-03-31,170.77542114257812,174.61000061035156,178.02999877929688,174.39999389648438,177.83999633789062,103049300
2022-04-01,170.4820098876953,174.30999755859375,174.8800048828125,171.94000244140625,174.02999877929688,78751300
2022-04-04,174.52130126953125,178.44000244140625,178.49000549316406,174.44000244140625,174.57000732421875,76468400
2022-04-05,171.21551513671875,175.05999755859375,178.3000030517578,174.4199981689453,177.5,73401800
2022-04-06,168.0564727783203,171.8300018310547,173.6300048828125,170.1300048828125,172.36000061035156,89058800
2022-04-07,168.3596649169922,172.13999938964844,173.36000061035156,169.85000610351562,171.16000366210938,77594700
2022-04-08,166.35467529296875,170.08999633789062,171.77999877929688,169.1999969482422,171.77999877929688,76575500
2022-04-11,162.1099853515625,165.75,169.02999877929688,165.5,168.7100067138672,72246700
2022-04-12,163.97804260253906,167.66000366210938,169.8699951171875,166.63999938964844,168.02000427246094,79265200
2022-04-13,166.65785217285156,170.39999389648438,171.0399932861328,166.77000427246094,167.38999938964844,70618900
2022-04-14,161.66006469726562,165.2899932861328,171.27000427246094,165.0399932861328,170.6199951171875,75329400
2022-04-18,161.4449462890625,165.07000732421875,166.60000610351562,163.57000732421875,163.9199981689453,69023900
2022-04-19,163.72372436523438,167.39999389648438,167.82000732421875,163.91000366210938,165.02000427246094,67723800
2022-04-20,163.55747985839844,167.22999572753906,168.8800048828125,166.10000610351562,168.75999450683594,67929800
2022-04-21,162.7652587890625,166.4199981689453,171.52999877929688,165.91000366210938,168.91000366210938,87227800
2022-04-22,158.2369384765625,161.7899932861328,167.8699951171875,161.5,166.4600067138672,84882400
2022-04-25,159.3030548095703,162.8800048828125,163.1699981689453,158.4600067138672,161.1199951171875,96046400
2022-04-26,153.3565216064453,156.8000030517578,162.33999633789062,156.72000122070312,162.25,95623200
2022-04-27,153.131591796875,156.57000732421875,159.7899932861328,155.3800048828125,155.91000366210938,88063200
2022-04-28,160.04635620117188,163.63999938964844,164.52000427246094,158.92999267578125,159.25,130216800
2022-04-29,154.18789672851562,157.64999389648438,166.1999969482422,157.25,161.83999633789062,131747600
2022-05-02,154.4910430908203,157.9600067138672,158.22999572753906,153.27000427246094,156.7100067138672,123055300
2022-05-03,155.97769165039062,159.47999572753906,160.7100067138672,156.32000732421875,158.14999389648438,88966500
2022-05-04,162.37408447265625,166.02000427246094,166.47999572753906,159.25999450683594,159.6699981689453,108256500
2022-05-05,153.3271942138672,156.77000427246094,164.0800018310547,154.9499969482422,163.85000610351562,130525300
2022-05-06,154.05201721191406,157.27999877929688,159.44000244140625,154.17999267578125,156.00999450683594,116124600
2022-05-09,148.93911743164062,152.05999755859375,155.8300018310547,151.49000549316406,154.92999267578125,131577900
2022-05-10,151.33885192871094,154.50999450683594,156.74000549316406,152.92999267578125,155.52000427246094,115366700
2022-05-11,143.4932403564453,146.5,155.4499969482422,145.80999755859375,153.5,142689800
2022-05-12,139.63412475585938,142.55999755859375,146.1999969482422,138.8000030517578,142.77000427246094,182602000
2022-05-13,144.0907440185547,147.11000061035156,148.10000610351562,143.11000061035156,144.58999633789062,113990900
2022-05-16,142.55294799804688,145.5399932861328,147.52000427246094,144.17999267578125,145.5500030517578,86643800
2022-05-17,146.17703247070312,149.24000549316406,149.77000427246094,146.67999267578125,148.86000061035156,78336300
2022-05-18,137.92982482910156,140.82000732421875,147.36000061035156,139.89999389648438,146.85000610351562,109742900
2022-05-19,134.53102111816406,137.35000610351562,141.66000366210938,136.60000610351562,139.8800048828125,136095600
2022-05-20,134.76609802246094,137.58999633789062,140.6999969482422,132.61000061035156,139.08999633789062,137426100
2022-05-23,140.17282104492188,143.11000061035156,143.25999450683594,137.64999389648438,137.7899932861328,117726300
2022-05-24,137.47926330566406,140.36000061035156,141.97000122070312,137.3300018310547,140.80999755859375,104132700
2022-05-25,137.63600158691406,140.52000427246094,141.7899932861328,138.33999633789062,138.42999267578125,92482700
2022-05-26,140.82907104492188,143.77999877929688,144.33999633789062,137.13999938964844,137.38999938964844,90601500
2022-05-27,146.56881713867188,149.63999938964844,149.67999267578125,145.25999450683594,145.38999938964844,90978500
2022-05-31,145.7852020263672,148.83999633789062,150.66000366210938,146.83999633789062,149.07000732421875,103718400
2022-06-01,145.65789794921875,148.7100067138672,151.74000549316406,147.67999267578125,149.89999389648438,74286600
2022-06-02,148.1066131591797,151.2100067138672,151.27000427246094,146.86000061035156,147.8300018310547,72348100
2022-06-03,142.39625549316406,145.3800048828125,147.97000122070312,144.4600067138672,146.89999389648438,88570300
2022-06-06,143.140625,146.13999938964844,148.57000732421875,144.89999389648438,147.02999877929688,71598400
2022-06-07,145.65789794921875,148.7100067138672,149.0,144.10000610351562,144.35000610351562,67808200
2022-06-08,144.92327880859375,147.9600067138672,149.8699951171875,147.4600067138672,148.5800018310547,53950200
2022-06-09,139.71249389648438,142.63999938964844,147.9499969482422,142.52999877929688,147.0800018310547,69473000
2022-06-10,134.31556701660156,137.1300048828125,140.75999450683594,137.05999755859375,140.27999877929688,91437900
2022-06-13,129.17330932617188,131.8800048828125,135.1999969482422,131.44000244140625,132.8699951171875,122207100
2022-06-14,130.03524780273438,132.75999450683594,133.88999938964844,131.47999572753906,133.1300048828125,84784300
2022-06-15,132.6504669189453,135.42999267578125,137.33999633789062,132.16000366210938,134.2899932861328,91533000
2022-06-16,127.3906478881836,130.05999755859375,132.38999938964844,129.0399932861328,132.0800018310547,108123900
2022-06-17,128.85986328125,131.55999755859375,133.0800018310547,129.80999755859375,130.07000732421875,134520300
2022-06-21,133.08140563964844,135.8699951171875,137.05999755859375,133.32000732421875,133.4199981689453,81000500
2022-06-22,132.57211303710938,135.35000610351562,137.75999450683594,133.91000366210938,134.7899932861328,73409200
2022-06-23,135.43218994140625,138.27000427246094,138.58999633789062,135.6300048828125,136.82000732421875,72433800
2022-06-24,138.75257873535156,141.66000366210938,141.91000366210938,139.77000427246094,139.89999389648438,89116800
2022-06-27,138.75257873535156,141.66000366210938,143.49000549316406,140.97000122070312,142.6999969482422,70207900
2022-06-28,134.6191864013672,137.44000244140625,143.4199981689453,137.32000732421875,142.1300048828125,67083400
2022-06-29,136.3724365234375,139.22999572753906,140.6699981689453,136.6699981689453,137.4600067138672,66242400
2022-06-30,133.9140167236328,136.72000122070312,138.3699951171875,133.77000427246094,137.25,98964500
2022-07-01,136.07859802246094,138.92999267578125,139.0399932861328,135.66000366210938,136.0399932861328,71051600
2022-07-05,138.65464782714844,141.55999755859375,141.61000061035156,136.92999267578125,137.77000427246094,73353800
2022-07-06,139.98672485351562,142.9199981689453,144.1199951171875,141.0800018310547,141.35000610351562,74064300
2022-07-07,143.3463592529297,146.35000610351562,146.5500030517578,143.27999877929688,143.2899932861328,66253700
2022-07-08,144.02215576171875,147.0399932861328,147.5500030517578,145.0,145.25999450683594,64547800
2022-07-11,141.89671325683594,144.8699951171875,146.63999938964844,143.77999877929688,145.6699981689453,63141600
2022-07-12,142.8664093017578,145.86000061035156,148.4499969482422,145.0500030517578,145.75999450683594,77588800
2022-07-13,142.5039825439453,145.49000549316406,146.4499969482422,142.1199951171875,142.99000549316406,71185600
2022-07-14,145.42283630371094,148.47000122070312,148.9499969482422,143.25,144.0800018310547,78140700
2022-07-15,147.0879364013672,150.1699981689453,150.86000061035156,148.1999969482422,149.77999877929688,76259900
2022-07-18,144.05157470703125,147.07000732421875,151.57000732421875,146.6999969482422,150.74000549316406,81420900
2022-07-19,147.90090942382812,151.0,151.22999572753906,146.91000366210938,147.9199981689453,82982400
2022-07-20,149.89901733398438,153.0399932861328,153.72000122070312,150.3699951171875,151.1199951171875,64823400
2022-07-21,152.16162109375,155.35000610351562,155.57000732421875,151.94000244140625,154.5,65086600
2022-07-22,150.927490234375,154.08999633789062,156.27999877929688,153.41000366210938,155.38999938964844,66675400
2022-07-25,149.8108367919922,152.9499969482422,155.0399932861328,152.27999877929688,154.00999450683594,53623900
2022-07-26,148.48861694335938,151.60000610351562,153.08999633789062,150.8000030517578,152.25999450683594,55138700
2022-07-27,153.57205200195312,156.7899932861328,157.3300018310547,152.16000366210938,152.5800018310547,78620700
2022-07-28,154.12059020996094,157.35000610351562,157.63999938964844,154.41000366210938,156.97999572753906,81378700
2022-07-29,159.17462158203125,162.50999450683594,163.6300048828125,159.5,161.24000549316406,101786900
2022-08-01,158.1951904296875,161.50999450683594,163.58999633789062,160.88999938964844,161.00999450683594,67829400
2022-08-02,156.72596740722656,160.00999450683594,162.41000366210938,159.6300048828125,160.10000610351562,59907000
2022-08-03,162.72036743164062,166.1300048828125,166.58999633789062,160.75,160.83999633789062,82507500
2022-08-04,162.4069366455078,165.80999755859375,167.19000244140625,164.42999267578125,166.00999450683594,55474100
2022-08-05,162.1813507080078,165.35000610351562,165.85000610351562,163.0,163.2100067138672,56697000
2022-08-08,161.71054077148438,164.8699951171875,167.80999755859375,164.1999969482422,166.3699951171875,60276900
2022-08-09,161.75958251953125,164.9199981689453,165.82000732421875,163.25,164.02000427246094,63135500
2022-08-10,165.99681091308594,169.24000549316406,169.33999633789062,166.89999389648438,167.67999267578125,70170500
2022-08-11,165.2611846923828,168.49000549316406,170.99000549316406,168.19000244140625,170.05999755859375,57149200
2022-08-12,168.80201721191406,172.10000610351562,172.1699981689453,169.39999389648438,169.82000732421875,68039400
2022-08-15,169.8711395263672,173.19000244140625,173.38999938964844,171.35000610351562,171.52000427246094,54091700
2022-08-16,169.7141571044922,173.02999877929688,173.7100067138672,171.66000366210938,172.77999877929688,56377100
2022-08-17,171.2050323486328,174.5500030517578,176.14999389648438,172.57000732421875,172.77000427246094,79542000
2022-08-18,170.81268310546875,174.14999389648438,174.89999389648438,173.1199951171875,173.75,62290100
2022-08-19,168.23312377929688,171.52000427246094,173.74000549316406,171.30999755859375,173.02999877929688,70346300
2022-08-22,164.3588104248047,167.57000732421875,169.86000061035156,167.13999938964844,169.69000244140625,69026800
2022-08-23,164.0253143310547,167.22999572753906,168.7100067138672,166.64999389648438,167.0800018310547,54147100
2022-08-24,164.31956481933594,167.52999877929688,168.11000061035156,166.25,167.32000732421875,53841500
2022-08-25,166.77166748046875,170.02999877929688,170.13999938964844,168.35000610351562,168.77999877929688,51218200
2022-08-26,160.48448181152344,163.6199951171875,171.0500030517578,163.55999755859375,170.57000732421875,78961000
2022-08-29,158.28744506835938,161.3800048828125,162.89999389648438,159.82000732421875,161.14999389648438,73314000
2022-08-30,155.86477661132812,158.91000366210938,162.55999755859375,157.72000122070312,162.1300048828125,77906200
2022-08-31,154.2071533203125,157.22000122070312,160.5800018310547,157.13999938964844,160.30999755859375,87991100
2022-09-01,154.9329376220703,157.9600067138672,158.4199981689453,154.6699981689453,156.63999938964844,74229900
2022-09-02,152.82415771484375,155.80999755859375,160.36000061035156,154.97000122070312,159.75,76957800
2022-09-06,151.5686798095703,154.52999877929688,157.08999633789062,153.69000244140625,156.47000122070312,73714800
2022-09-07,152.9712677001953,155.9600067138672,156.6699981689453,153.61000061035156,154.82000732421875,87449600
2022-09-08,151.5000457763672,154.4600067138672,156.36000061035156,152.67999267578125,154.63999938964844,84923800
2022-09-09,154.35421752929688,157.3699951171875,157.82000732421875,154.75,155.47000122070312,68028800
2022-09-12,160.2981719970703,163.42999267578125,164.25999450683594,159.3000030517578,159.58999633789062,104956000
2022-09-13,150.89190673828125,153.83999633789062,160.5399932861328,153.3699951171875,159.89999389648438,122656600
2022-09-14,152.33372497558594,155.30999755859375,157.10000610351562,153.61000061035156,154.7899932861328,87965400
2022-09-15,149.45005798339844,152.3699951171875,155.24000549316406,151.3800048828125,154.64999389648438,90481100
2022-09-16,147.81207275390625,150.6999969482422,151.35000610351562,148.3699951171875,151.2100067138672,162278800
2022-09-19,151.51968383789062,154.47999572753906,154.55999755859375,149.10000610351562,149.30999755859375,81474200
2022-09-20,153.89321899414062,156.89999389648438,158.0800018310547,153.0800018310547,153.39999389648438,107689800
2022-09-21,150.77423095703125,153.72000122070312,158.74000549316406,153.60000610351562,157.33999633789062,101696800
2022-09-22,149.81298828125,152.74000549316406,154.47000122070312,150.91000366210938,152.3800048828125,86652500
2022-09-23,147.54727172851562,150.42999267578125,151.47000122070312,148.55999755859375,151.19000244140625,96029900
2022-09-26,147.8807830810547,150.77000427246094,153.77000427246094,149.63999938964844,149.66000366210938,93339400
2022-09-27,148.8517608642578,151.75999450683594,154.72000122070312,149.9499969482422,152.74000549316406,84442700
2022-09-28,146.9685821533203,149.83999633789062,150.63999938964844,144.83999633789062,147.63999938964844,146691400
2022-09-29,139.74957275390625,142.47999572753906,146.72000122070312,140.67999267578125,146.10000610351562,128138200
2022-09-30,135.55165100097656,138.1999969482422,143.10000610351562,138.0,141.27999877929688,124925300
2022-10-03,139.72018432617188,142.4499969482422,143.07000732421875,137.69000244140625,138.2100067138672,114311700
2022-10-04,143.30026245117188,146.10000610351562,146.22000122070312,144.25999450683594,145.02999877929688,87830100
2022-10-05,143.59446716308594,146.39999389648438,147.3800048828125,143.00999450683594,144.07000732421875,79471000
2022-10-06,142.64306640625,145.42999267578125,147.5399932861328,145.22000122070312,145.80999755859375,68402200
2022-10-07,137.40541076660156,140.08999633789062,143.10000610351562,139.4499969482422,142.5399932861328,85925600
2022-10-10,137.7290802001953,140.4199981689453,141.88999938964844,138.57000732421875,140.4199981689453,74899000
2022-10-11,136.316650390625,138.97999572753906,141.35000610351562,138.22000122070312,139.89999389648438,77033700
2022-10-12,135.68894958496094,138.33999633789062,140.36000061035156,138.16000366210938,139.1300048828125,70433700
2022-10-13,140.24986267089844,142.99000549316406,143.58999633789062,134.3699951171875,134.99000549316406,113224000
2022-10-14,135.72821044921875,138.3800048828125,144.52000427246094,138.19000244140625,144.30999755859375,88598000
2022-10-17,139.68096923828125,142.41000366210938,142.89999389648438,140.27000427246094,141.07000732421875,85250900
2022-10-18,140.99526977539062,143.75,146.6999969482422,140.61000061035156,145.49000549316406,99136600
2022-10-19,141.10311889648438,143.86000061035156,144.9499969482422,141.5,141.69000244140625,61758300
2022-10-20,140.64218139648438,143.38999938964844,145.88999938964844,142.64999389648438,143.02000427246094,64522000
2022-10-21,144.4478302001953,147.27000427246094,147.85000610351562,142.64999389648438,142.8699951171875,86548600
2022-10-24,146.58602905273438,149.4499969482422,150.22999572753906,146.0,147.19000244140625,75981900
2022-10-25,149.42062377929688,152.33999633789062,152.49000549316406,149.36000061035156,150.08999633789062,74732300
2022-10-26,146.4879608154297,149.35000610351562,151.99000549316406,148.0399932861328,150.9600067138672,88194300
2022-10-27,142.0251922607422,144.8000030517578,149.0500030517578,144.1300048828125,148.07000732421875,109180200
2022-10-28,152.75550842285156,155.74000549316406,157.5,147.82000732421875,148.1999969482422,164762400
2022-10-31,150.40147399902344,153.33999633789062,154.24000549316406,151.9199981689453,153.16000366210938,97943200
2022-11-01,147.76304626464844,150.64999389648438,155.4499969482422,149.1300048828125,155.0800018310547,80379300
2022-11-02,142.25074768066406,145.02999877929688,152.1699981689453,145.0,148.9499969482422,93604600
2022-11-03,136.21861267089844,138.8800048828125,142.8000030517578,138.75,142.05999755859375,97918500
2022-11-04,135.95335388183594,138.3800048828125,142.6699981689453,134.3800048828125,142.08999633789062,140814800
2022-11-07,136.4838409423828,138.9199981689453,139.14999389648438,135.6699981689453,137.11000061035156,83374600
2022-11-08,137.05369567871094,139.5,141.42999267578125,137.49000549316406,140.41000366210938,89908500
2022-11-09,132.50486755371094,134.8699951171875,138.5500030517578,134.58999633789062,138.5,74917800
2022-11-10,144.29443359375,146.8699951171875,146.8699951171875,139.5,141.24000549316406,118854000
2022-11-11,147.07481384277344,149.6999969482422,150.00999450683594,144.3699951171875,145.82000732421875,93979700
2022-11-14,145.67970275878906,148.27999877929688,150.27999877929688,147.42999267578125,148.97000122070312,73374100
2022-11-15,147.40887451171875,150.0399932861328,153.58999633789062,148.55999755859375,152.22000122070312,89868300
2022-11-16,146.1807861328125,148.7899932861328,149.8699951171875,147.2899932861328,149.1300048828125,64218300
2022-11-17,148.07696533203125,150.72000122070312,151.47999572753906,146.14999389648438,146.42999267578125,80389400
2022-11-18,148.63694763183594,151.2899932861328,152.6999969482422,149.97000122070312,152.30999755859375,74829600
2022-11-21,145.41445922851562,148.00999450683594,150.3699951171875,147.72000122070312,150.16000366210938,58724100
2022-11-22,147.54640197753906,150.17999267578125,150.4199981689453,146.92999267578125,148.1300048828125,51804100
2022-11-23,148.4208526611328,151.07000732421875,151.8300018310547,149.33999633789062,149.4499969482422,58301400
2022-11-25,145.51272583007812,148.11000061035156,148.8800048828125,147.1199951171875,148.30999755859375,35195900
2022-11-28,141.69094848632812,144.22000122070312,146.63999938964844,143.3800048828125,145.13999938964844,69246000
2022-11-29,138.6944122314453,141.1699981689453,144.80999755859375,140.35000610351562,144.2899932861328,83763800
2022-11-30,145.4341278076172,148.02999877929688,148.72000122070312,140.5500030517578,141.39999389648438,111380900
2022-12-01,145.7091827392578,148.30999755859375,149.1300048828125,146.61000061035156,148.2100067138672,71250400
2022-12-02,145.21795654296875,147.80999755859375,148.0,145.64999389648438,145.9600067138672,65447400
2022-12-05,144.05865478515625,146.6300048828125,150.9199981689453,145.77000427246094,147.77000427246094,68826400
2022-12-06,140.40391540527344,142.91000366210938,147.3000030517578,141.9199981689453,147.07000732421875,64727200
2022-12-07,138.46844482421875,140.94000244140625,143.3699951171875,140.0,142.19000244140625,69721100
2022-12-08,140.14845275878906,142.64999389648438,143.52000427246094,141.10000610351562,142.36000061035156,62128300
2022-12-09,139.6670379638672,142.16000366210938,145.57000732421875,140.89999389648438,142.33999633789062,76097000
2022-12-12,141.95619201660156,144.49000549316406,144.5,141.05999755859375,142.6999969482422,70462700
2022-12-13,142.91903686523438,145.47000122070312,149.97000122070312,144.24000549316406,149.5,93886200
2022-12-14,140.69862365722656,143.2100067138672,146.66000366210938,141.16000366210938,145.35000610351562,82291200
2022-12-15,134.10630798339844,136.5,141.8000030517578,136.02999877929688,141.11000061035156,98931900
2022-12-16,132.15118408203125,134.50999450683594,137.64999389648438,133.72999572753906,136.69000244140625,160156900
2022-12-19,130.04873657226562,132.3699951171875,135.1999969482422,131.32000732421875,135.11000061035156,79592600
2022-12-20,129.97996520996094,132.3000030517578,133.25,129.88999938964844,131.38999938964844,77432800
2022-12-21,133.07472229003906,135.4499969482422,136.80999755859375,132.75,132.97999572753906,85928000
2022-12-22,129.91116333007812,132.22999572753906,134.55999755859375,130.3000030517578,134.35000610351562,77852100
2022-12-23,129.5476837158203,131.86000061035156,132.4199981689453,129.63999938964844,130.9199981689453,63814900
2022-12-27,127.74974822998047,130.02999877929688,131.41000366210938,128.72000122070312,131.3800048828125,69007800
2022-12-28,123.8297348022461,126.04000091552734,131.02999877929688,125.87000274658203,129.6699981689453,85438400
2022-12-29,127.33712768554688,129.61000061035156,130.47999572753906,127.7300033569336,127.98999786376953,75703700
2022-12-30,127.6514892578125,129.92999267578125,129.9499969482422,127.43000030517578,128.41000366210938,77034200
2023-01-03,122.8767318725586,125.06999969482422,130.89999389648438,124.16999816894531,130.27999877929688,112117500
2023-01-04,124.14411163330078,126.36000061035156,128.66000366210938,125.08000183105469,126.88999938964844,89113600
2023-01-05,122.8276138305664,125.0199966430664,127.7699966430664,124.76000213623047,127.12999725341797,80962700
2023-01-06,127.34696197509766,129.6199951171875,130.2899932861328,124.88999938964844,126.01000213623047,87754700
2023-01-09,127.86766815185547,130.14999389648438,133.41000366210938,129.88999938964844,130.47000122070312,70790800
2023-01-10,128.4374542236328,130.72999572753906,131.25999450683594,128.1199951171875,130.25999450683594,63896200
2023-01-11,131.14913940429688,133.49000549316406,133.50999450683594,130.4600067138672,131.25,69458900
2023-01-12,131.07046508789062,133.41000366210938,134.25999450683594,131.44000244140625,133.8800048828125,71379600
2023-01-13,132.3968048095703,134.75999450683594,134.9199981689453,131.66000366210938,132.02999877929688,57809700
2023-01-17,133.55615234375,135.94000244140625,137.2899932861328,134.1300048828125,134.8300018310547,63646600
2023-01-18,132.83889770507812,135.2100067138672,138.61000061035156,135.02999877929688,136.82000732421875,69672800
2023-01-19,132.89788818359375,135.27000427246094,136.25,133.77000427246094,134.0800018310547,58280400
2023-01-20,135.45228576660156,137.8699951171875,138.02000427246094,134.22000122070312,135.27999877929688,80223600
2023-01-23,138.63546752929688,141.11000061035156,143.32000732421875,137.89999389648438,138.1199951171875,81760300
2023-01-24,140.0305633544922,142.52999877929688,143.16000366210938,140.3000030517578,140.30999755859375,66435100
2023-01-25,139.37229919433594,141.86000061035156,142.42999267578125,138.80999755859375,140.88999938964844,65799300
2023-01-26,141.4354705810547,143.9600067138672,144.25,141.89999389648438,143.1699981689453,54105100
2023-01-27,143.3709259033203,145.92999267578125,147.22999572753906,143.0800018310547,143.16000366210938,70555800
2023-01-30,140.4923095703125,143.0,145.5500030517578,142.85000610351562,144.9600067138672,64015300
2023-01-31,141.7596893310547,144.2899932861328,144.33999633789062,142.27999877929688,142.6999969482422,65874500
2023-02-01,142.87969970703125,145.42999267578125,146.61000061035156,141.32000732421875,143.97000122070312,77663600
2023-02-02,148.17520141601562,150.82000732421875,151.17999267578125,148.1699981689453,148.89999389648438,118339000
2023-02-03,151.79063415527344,154.5,157.3800048828125,147.8300018310547,148.02999877929688,154357300
2023-02-06,149.06924438476562,151.72999572753906,153.10000610351562,150.77999877929688,152.57000732421875,69858300
2023-02-07,151.93801879882812,154.64999389648438,155.22999572753906,150.63999938964844,150.63999938964844,83322600
2023-02-08,149.2559051513672,151.9199981689453,154.5800018310547,151.1699981689453,153.8800048828125,64120100
2023-02-09,148.22430419921875,150.8699951171875,154.3300018310547,150.4199981689453,153.77999877929688,56007100
2023-02-10,148.58834838867188,151.00999450683594,151.33999633789062,149.22000122070312,149.4600067138672,57450700
2023-02-13,151.38284301757812,153.85000610351562,154.25999450683594,150.9199981689453,150.9499969482422,62199000
2023-02-14,150.7432861328125,153.1999969482422,153.77000427246094,150.86000061035156,152.1199951171875,61707600
2023-02-15,152.839111328125,155.3300018310547,155.5,152.8800048828125,153.11000061035156,65573800
2023-02-16,151.2450714111328,153.7100067138672,156.3300018310547,153.35000610351562,153.50999450683594,68167900
2023-02-17,150.10369873046875,152.5500030517578,153.0,150.85000610351562,152.35000610351562,59144100
2023-02-21,146.0989227294922,148.47999572753906,151.3000030517578,148.41000366210938,150.1999969482422,58867200
2023-02-22,146.5220489501953,148.91000366210938,149.9499969482422,147.16000366210938,148.8699951171875,51011300
2023-02-23,147.0042266845703,149.39999389648438,150.33999633789062,147.24000549316406,150.08999633789062,48394200
2023-02-24,144.35736083984375,146.7100067138672,147.19000244140625,145.72000122070312,147.11000061035156,55469600
2023-02-27,145.5479278564453,147.9199981689453,149.1699981689453,147.4499969482422,147.7100067138672,44998500
2023-02-28,145.04611206054688,147.41000366210938,149.0800018310547,146.8300018310547,147.0500030517578,50547000
2023-03-01,142.97979736328125,145.30999755859375,147.22999572753906,145.00999450683594,146.8300018310547,55479000
2023-03-02,143.57017517089844,145.91000366210938,146.7100067138672,143.89999389648438,144.3800048828125,52238100
2023-03-03,148.60804748535156,151.02999877929688,151.11000061035156,147.3300018310547,148.0399932861328,70732300
2023-03-06,151.3631591796875,153.8300018310547,156.3000030517578,153.4600067138672,153.7899932861328,87558000
2023-03-07,149.1688995361328,151.60000610351562,154.02999877929688,151.1300048828125,153.6999969482422,56182000
2023-03-08,150.41856384277344,152.8699951171875,153.47000122070312,151.8300018310547,152.80999755859375,47204800
2023-03-09,148.1751251220703,150.58999633789062,154.5399932861328,150.22999572753906,153.55999755859375,53833600
2023-03-10,146.11863708496094,148.5,150.94000244140625,147.61000061035156,150.2100067138672,68572400
2023-03-13,148.0570526123047,150.47000122070312,153.13999938964844,147.6999969482422,147.80999755859375,84457100
2023-03-14,150.14303588867188,152.58999633789062,153.39999389648438,150.10000610351562,151.27999877929688,73695900
2023-03-15,150.53662109375,152.99000549316406,153.25,149.9199981689453,151.19000244140625,77167900
2023-03-16,153.3507537841797,155.85000610351562,156.4600067138672,151.63999938964844,152.16000366210938,76161100
2023-03-17,152.514404296875,155.0,156.74000549316406,154.27999877929688,156.0800018310547,98944600
2023-03-20,154.8759002685547,157.39999389648438,157.82000732421875,154.14999389648438,155.07000732421875,73641400
2023-03-21,156.72573852539062,159.27999877929688,159.39999389648438,156.5399932861328,157.32000732421875,73938300
2023-03-22,155.29901123046875,157.8300018310547,162.13999938964844,157.80999755859375,159.3000030517578,75701800
2023-03-23,156.38137817382812,158.92999267578125,161.5500030517578,157.67999267578125,158.8300018310547,67622100
2023-03-24,157.6802215576172,160.25,160.33999633789062,157.85000610351562,158.86000061035156,59196500
2023-03-27,155.74180603027344,158.27999877929688,160.77000427246094,157.8699951171875,159.94000244140625,52390300
2023-03-28,155.1218719482422,157.64999389648438,158.49000549316406,155.97999572753906,157.97000122070312,45992200
2023-03-29,158.19187927246094,160.77000427246094,161.0500030517578,159.35000610351562,159.3699951171875,51305700
2023-03-30,159.75636291503906,162.36000061035156,162.47000122070312,161.27000427246094,161.52999877929688,49501700
2023-03-31,162.25564575195312,164.89999389648438,165.0,161.91000366210938,162.44000244140625,68749800
2023-04-03,163.50527954101562,166.1699981689453,166.2899932861328,164.22000122070312,164.27000427246094,56976200
2023-04-04,162.97390747070312,165.6300048828125,166.83999633789062,165.11000061035156,166.60000610351562,46278300
2023-04-05,161.13392639160156,163.75999450683594,165.0500030517578,161.8000030517578,164.74000549316406,51511700
2023-04-06,162.0194854736328,164.66000366210938,164.9600067138672,162.0,162.42999267578125,45390100
2023-04-10,159.43165588378906,162.02999877929688,162.02999877929688,160.0800018310547,161.4199981689453,47716900
2023-04-11,158.2213897705078,160.8000030517578,162.36000061035156,160.50999450683594,162.35000610351562,47644200
2023-04-12,157.53260803222656,160.10000610351562,162.05999755859375,159.77999877929688,161.22000122070312,50133100
2023-04-13,162.90501403808594,165.55999755859375,165.8000030517578,161.4199981689453,161.6300048828125,68445600
2023-04-14,162.5606689453125,165.2100067138672,166.32000732421875,163.82000732421875,164.58999633789062,49386500
2023-04-17,162.58033752441406,165.22999572753906,165.38999938964844,164.02999877929688,165.08999633789062,41516200
2023-04-18,163.8004608154297,166.47000122070312,167.41000366210938,165.64999389648438,166.10000610351562,49923000
2023-04-19,164.94187927246094,167.6300048828125,168.16000366210938,165.5399932861328,165.8000030517578,47720200
2023-04-20,163.97755432128906,166.64999389648438,167.8699951171875,165.55999755859375,166.08999633789062,52456400
2023-04-21,162.3737335205078,165.02000427246094,166.4499969482422,164.49000549316406,165.0500030517578,58337300
2023-04-24,162.6787567138672,165.3300018310547,165.60000610351562,163.88999938964844,165.0,41949600
2023-04-25,161.1437530517578,163.77000427246094,166.30999755859375,163.72999572753906,165.19000244140625,48714100
2023-04-26,161.13392639160156,163.75999450683594,165.27999877929688,162.8000030517578,163.05999755859375,45498800
2023-04-27,165.7093505859375,168.41000366210938,168.55999755859375,165.19000244140625,165.19000244140625,64902300
2023-04-28,166.958984375,169.67999267578125,169.85000610351562,167.8800048828125,168.49000549316406,55275900
2023-05-01,166.87042236328125,169.58999633789062,170.4499969482422,168.63999938964844,169.27999877929688,52472900
2023-05-02,165.8372802734375,168.5399932861328,170.35000610351562,167.5399932861328,170.08999633789062,48425700
2023-05-03,164.76475524902344,167.4499969482422,170.9199981689453,167.16000366210938,169.5,65136000
2023-05-04,163.13133239746094,165.7899932861328,167.0399932861328,164.30999755859375,164.88999938964844,81235400
2023-05-05,170.78659057617188,173.57000732421875,174.3000030517578,170.75999450683594,170.97999572753906,113453200
2023-05-08,170.71771240234375,173.5,173.85000610351562,172.11000061035156,172.47999572753906,55962800
2023-05-09,169.0154571533203,171.77000427246094,173.5399932861328,171.60000610351562,173.0500030517578,45326900
2023-05-10,170.77674865722656,173.55999755859375,174.02999877929688,171.89999389648438,173.02000427246094,53724500
2023-05-11,170.96371459960938,173.75,174.58999633789062,172.1699981689453,173.85000610351562,49514700
2023-05-12,170.0375213623047,172.57000732421875,174.05999755859375,171.0,173.6199951171875,45533100
2023-05-15,169.54486083984375,172.07000732421875,173.2100067138672,171.47000122070312,173.16000366210938,37266700
2023-05-16,169.54486083984375,172.07000732421875,173.13999938964844,171.8000030517578,171.99000549316406,42110300
2023-05-17,170.15573120117188,172.69000244140625,172.92999267578125,170.4199981689453,171.7100067138672,57951600
2023-05-18,172.48109436035156,175.0500030517578,175.24000549316406,172.5800018310547,173.0,65496700
2023-05-19,172.5894775390625,175.16000366210938,176.38999938964844,174.94000244140625,176.38999938964844,55809500
2023-05-22,171.64358520507812,174.1999969482422,174.7100067138672,173.4499969482422,173.97999572753906,43570900
2023-05-23,169.04232788085938,171.55999755859375,173.3800048828125,171.27999877929688,173.1300048828125,50747300
2023-05-24,169.31822204589844,171.83999633789062,172.4199981689453,170.52000427246094,171.08999633789062,45143500
2023-05-25,170.45135498046875,172.99000549316406,173.89999389648438,171.69000244140625,172.41000366210938,56058300
2023-05-26,172.8555145263672,175.42999267578125,175.77000427246094,173.11000061035156,173.32000732421875,54835000
2023-05-30,174.69810485839844,177.3000030517578,178.99000549316406,176.57000732421875,176.9600067138672,55964400
2023-05-31,174.6488494873047,177.25,179.35000610351562,176.75999450683594,177.3300018310547,99625300
2023-06-01,177.44711303710938,180.08999633789062,180.1199951171875,176.92999267578125,177.6999969482422,68901800
2023-06-02,178.29452514648438,180.9499969482422,181.77999877929688,179.25999450683594,181.02999877929688,61996900
2023-06-05,176.9446258544922,179.5800018310547,184.9499969482422,178.0399932861328,182.6300048828125,121946500
2023-06-06,176.580078125,179.2100067138672,180.1199951171875,177.42999267578125,179.97000122070312,64848400
2023-06-07,175.21044921875,177.82000732421875,181.2100067138672,177.32000732421875,178.44000244140625,61944600
2023-06-08,177.92010498046875,180.57000732421875,180.83999633789062,177.4600067138672,177.89999389648438,50214900
2023-06-09,178.30438232421875,180.9600067138672,182.22999572753906,180.6300048828125,181.5,48900000
2023-06-12,181.09283447265625,183.7899932861328,183.88999938964844,180.97000122070312,181.27000427246094,54274900
2023-06-13,180.6199188232422,183.30999755859375,184.14999389648438,182.44000244140625,182.8000030517578,54929100
2023-06-14,181.25051879882812,183.9499969482422,184.38999938964844,182.02000427246094,183.3699951171875,57462900
2023-06-15,183.2802734375,186.00999450683594,186.52000427246094,183.77999877929688,183.9600067138672,65433200
2023-06-16,182.20628356933594,184.9199981689453,186.99000549316406,184.27000427246094,186.72999572753906,101256200
2023-06-20,182.29493713378906,185.00999450683594,186.10000610351562,184.41000366210938,184.41000366210938,49799100
2023-06-21,181.26036071777344,183.9600067138672,185.41000366210938,182.58999633789062,184.89999389648438,49515700
2023-06-22,184.2557373046875,187.0,187.0500030517578,183.6699981689453,183.74000549316406,51245300
2023-06-23,183.94044494628906,186.67999267578125,187.55999755859375,185.00999450683594,185.5500030517578,53117000
2023-06-26,182.5511474609375,185.27000427246094,188.0500030517578,185.22999572753906,186.8300018310547,48088700
2023-06-27,185.30018615722656,188.05999755859375,188.38999938964844,185.6699981689453,185.88999938964844,50730800
2023-06-28,186.4727020263672,189.25,189.89999389648438,187.60000610351562,187.92999267578125,51216800
2023-06-29,186.80772399902344,189.58999633789062,190.07000732421875,188.94000244140625,189.0800018310547,46347300
2023-06-30,191.1234893798828,193.97000122070312,194.47999572753906,191.25999450683594,191.6300048828125,85213200
2023-07-03,189.63563537597656,192.4600067138672,193.8800048828125,191.75999450683594,193.77999877929688,31458200
2023-07-05,188.522216796875,191.3300018310547,192.97999572753906,190.6199951171875,191.57000732421875,46920300
2023-07-06,188.99513244628906,191.80999755859375,192.02000427246094,189.1999969482422,189.83999633789062,45094300
2023-07-07,187.88172912597656,190.67999267578125,192.6699981689453,190.24000549316406,191.41000366210938,46815000
2023-07-10,185.84210205078125,188.61000061035156,189.99000549316406,187.0399932861328,189.25999450683594,59922200
2023-07-11,185.3198699951172,188.0800018310547,189.3000030517578,186.60000610351562,189.16000366210938,46638100
2023-07-12,186.98509216308594,189.77000427246094,191.6999969482422,188.47000122070312,189.67999267578125,60750200
2023-07-13,187.7437744140625,190.5399932861328,191.19000244140625,189.77999877929688,190.5,41342300
2023-07-14,187.89158630371094,190.69000244140625,191.17999267578125,189.6300048828125,190.22999572753906,41616200
2023-07-17,191.14317321777344,193.99000549316406,194.32000732421875,191.80999755859375,191.89999389648438,50520200
2023-07-18,190.886962890625,193.72999572753906,194.3300018310547,192.4199981689453,193.35000610351562,48288200
2023-07-19,192.23683166503906,195.10000610351562,198.22999572753906,192.64999389648438,193.10000610351562,80507300
2023-07-20,190.29579162597656,193.1300048828125,196.47000122070312,192.5,195.08999633789062,59581200
2023-07-21,189.12326049804688,191.94000244140625,194.97000122070312,191.22999572753906,194.10000610351562,71951700
2023-07-24,189.9213409423828,192.75,194.91000366210938,192.25,193.41000366210938,45377800
2023-07-25,190.77857971191406,193.6199951171875,194.44000244140625,192.9199981689453,193.3300018310547,37283200
2023-07-26,191.64564514160156,194.5,195.63999938964844,193.32000732421875,193.6699981689453,47471900
2023-07-27,190.3844757080078,193.22000122070312,197.1999969482422,192.5500030517578,196.02000427246094,47460200
2023-07-28,192.95614624023438,195.8300018310547,196.6300048828125,194.13999938964844,194.6699981689453,48291400
2023-07-31,193.56704711914062,196.4499969482422,196.49000549316406,195.25999450683594,196.05999755859375,38824100
2023-08-01,192.7393798828125,195.61000061035156,196.72999572753906,195.27999877929688,196.24000549316406,35175100
2023-08-02,189.7538299560547,192.5800018310547,195.17999267578125,191.85000610351562,195.0399932861328,50389300
2023-08-03,188.3645477294922,191.1699981689453,192.3699951171875,190.69000244140625,191.57000732421875,61235200
2023-08-04,179.31927490234375,181.99000549316406,187.3800048828125,181.9199981689453,185.52000427246094,115956800
2023-08-07,176.22535705566406,178.85000610351562,183.1300048828125,177.35000610351562,182.1300048828125,97576100
2023-08-08,177.16140747070312,179.8000030517578,180.27000427246094,177.5800018310547,179.69000244140625,67823000
2023-08-09,175.57504272460938,178.19000244140625,180.92999267578125,177.00999450683594,180.8699951171875,60378500
2023-08-10,175.35826110839844,177.97000122070312,180.75,177.60000610351562,179.47999572753906,54686900
2023-08-11,175.4174346923828,177.7899932861328,178.6199951171875,176.5500030517578,177.32000732421875,52036700
2023-08-14,177.06517028808594,179.4600067138672,179.69000244140625,177.30999755859375,177.97000122070312,43675600
2023-08-15,175.08200073242188,177.4499969482422,179.47999572753906,177.0500030517578,178.8800048828125,43622600
2023-08-16,174.2137451171875,176.57000732421875,178.5399932861328,176.5,177.1300048828125,46964900
2023-08-17,171.6780242919922,174.0,177.50999450683594,173.47999572753906,177.13999938964844,66062900
2023-08-18,172.1614990234375,174.49000549316406,175.10000610351562,171.9600067138672,172.3000030517578,61172200
2023-08-21,173.49346923828125,175.83999633789062,176.1300048828125,173.74000549316406,175.07000732421875,46311900
2023-08-22,174.8649139404297,177.22999572753906,177.67999267578125,176.25,177.05999755859375,42038900
2023-08-23,178.70301818847656,181.1199951171875,181.5500030517578,178.3300018310547,178.52000427246094,52722800
2023-08-24,174.02627563476562,176.3800048828125,181.10000610351562,176.00999450683594,180.6699981689453,54945800
2023-08-25,176.22653198242188,178.61000061035156,179.14999389648438,175.82000732421875,177.3800048828125,51449600
2023-08-28,177.78546142578125,180.19000244140625,180.58999633789062,178.5500030517578,180.08999633789062,43820700
2023-08-29,181.66297912597656,184.1199951171875,184.89999389648438,179.5,179.6999969482422,53003900
2023-08-30,185.1458740234375,187.64999389648438,187.85000610351562,184.74000549316406,184.94000244140625,60813900
2023-08-31,185.36293029785156,187.8699951171875,189.1199951171875,187.47999572753906,187.83999633789062,60794500
2023-09-01,186.93174743652344,189.4600067138672,189.9199981689453,188.27999877929688,189.49000549316406,45766500
2023-09-05,187.16851806640625,189.6999969482422,189.97999572753906,187.61000061035156,188.27999877929688,45280000
2023-09-06,180.46913146972656,182.91000366210938,188.85000610351562,181.47000122070312,188.39999389648438,81755800
2023-09-07,175.1905059814453,177.55999755859375,178.2100067138672,173.5399932861328,175.17999267578125,112488800
2023-09-08,175.80224609375,178.17999267578125,180.24000549316406,177.7899932861328,178.35000610351562,65551300
2023-09-11,176.9665069580078,179.36000061035156,180.3000030517578,177.33999633789062,180.07000732421875,58953100
2023-09-12,173.94735717773438,176.3000030517578,180.1300048828125,174.82000732421875,179.49000549316406,90370200
2023-09-13,171.88525390625,174.2100067138672,177.3000030517578,173.97999572753906,176.50999450683594,84267900
2023-09-14,173.39483642578125,175.74000549316406,176.10000610351562,173.5800018310547,174.0,60895800
2023-09-15,172.67454528808594,175.00999450683594,176.5,173.82000732421875,176.47999572753906,109259500
2023-09-18,175.59506225585938,177.97000122070312,179.3800048828125,176.1699981689453,176.47999572753906,67257600
2023-09-19,176.68038940429688,179.07000732421875,179.6300048828125,177.1300048828125,177.52000427246094,51826900
2023-09-20,173.14816284179688,175.49000549316406,179.6999969482422,175.39999389648438,179.25999450683594,58436200
2023-09-21,171.6089630126953,173.92999267578125,176.3000030517578,173.86000061035156,174.5500030517578,63149100
2023-09-22,172.45748901367188,174.7899932861328,177.0800018310547,174.0500030517578,174.6699981689453,56725400
2023-09-25,173.7302703857422,176.0800018310547,176.97000122070312,174.14999389648438,174.1999969482422,46172700
2023-09-26,169.66525268554688,171.9600067138672,175.1999969482422,171.66000366210938,174.82000732421875,64588900
2023-09-27,168.15567016601562,170.42999267578125,173.0399932861328,169.0500030517578,172.6199951171875,66921800
2023-09-28,168.4122314453125,170.69000244140625,172.02999877929688,167.6199951171875,169.33999633789062,56294400
2023-09-29,168.92527770996094,171.2100067138672,173.07000732421875,170.33999633789062,172.02000427246094,51861100
2023-10-02,171.43138122558594,173.75,174.3000030517578,170.92999267578125,171.22000122070312,52164500
2023-10-03,170.09939575195312,172.39999389648438,173.6300048828125,170.82000732421875,172.25999450683594,49594600
2023-10-04,171.3425750732422,173.66000366210938,174.2100067138672,170.97000122070312,171.08999633789062,53020300
2023-10-05,172.57589721679688,174.91000366210938,175.4499969482422,172.67999267578125,173.7899932861328,48527900
2023-10-06,175.12147521972656,177.49000549316406,177.99000549316406,173.17999267578125,173.8000030517578,57266700
2023-10-09,176.6014862060547,178.99000549316406,179.0500030517578,175.8000030517578,176.80999755859375,42390800
2023-10-10,176.00946044921875,178.38999938964844,179.72000122070312,177.9499969482422,178.10000610351562,43698000
2023-10-11,177.40061950683594,179.8000030517578,179.85000610351562,177.60000610351562,178.1999969482422,47551100
2023-10-12,178.2985382080078,180.7100067138672,182.33999633789062,179.0399932861328,180.07000732421875,56743100
2023-10-13,176.46331787109375,178.85000610351562,181.92999267578125,178.13999938964844,181.4199981689453,51427100
2023-10-16,176.33506774902344,178.72000122070312,179.0800018310547,176.50999450683594,176.75,52517000
2023-10-17,174.78598022460938,177.14999389648438,178.4199981689453,174.8000030517578,176.64999389648438,57549400
2023-10-18,173.49346923828125,175.83999633789062,177.5800018310547,175.11000061035156,175.5800018310547,54764400
2023-10-19,173.11856079101562,175.4600067138672,177.83999633789062,175.19000244140625,176.0399932861328,59302900
2023-10-20,170.572998046875,172.8800048828125,175.4199981689453,172.63999938964844,175.30999755859375,64244000
2023-10-23,170.69139099121094,173.0,174.00999450683594,169.92999267578125,170.91000366210938,55980100
2023-10-24,171.12548828125,173.44000244140625,173.6699981689453,171.4499969482422,173.0500030517578,43816600
2023-10-25,168.8167724609375,171.10000610351562,173.05999755859375,170.64999389648438,171.8800048828125,57157000
2023-10-26,164.6629180908203,166.88999938964844,171.3800048828125,165.6699981689453,170.3699951171875,70625300
2023-10-27,165.9751739501953,168.22000122070312,168.9600067138672,166.8300018310547,166.91000366210938,58499100
2023-10-30,168.0175323486328,170.2899932861328,171.1699981689453,168.8699951171875,169.02000427246094,51131000
2023-10-31,168.4911346435547,170.77000427246094,170.89999389648438,167.89999389648438,169.35000610351562,44846000
2023-11-01,171.64840698242188,173.97000122070312,174.22999572753906,170.1199951171875,171.0,56934900
2023-11-02,175.20040893554688,177.57000732421875,177.77999877929688,175.4600067138672,175.52000427246094,77334800
2023-11-03,174.29269409179688,176.64999389648438,176.82000732421875,173.35000610351562,174.24000549316406,79829200
2023-11-06,176.83824157714844,179.22999572753906,179.42999267578125,176.2100067138672,176.3800048828125,63841300
2023-11-07,179.39369201660156,181.82000732421875,182.44000244140625,178.97000122070312,179.17999267578125,70530000
2023-11-08,180.4494171142578,182.88999938964844,183.4499969482422,181.58999633789062,182.35000610351562,49340300
2023-11-09,179.975830078125,182.41000366210938,184.1199951171875,181.80999755859375,182.9600067138672,53763500
2023-11-10,184.1548614501953,186.39999389648438,186.57000732421875,183.52999877929688,183.97000122070312,66133400
2023-11-13,182.57412719726562,184.8000030517578,186.02999877929688,184.2100067138672,185.82000732421875,43627500
2023-11-14,185.18234252929688,187.44000244140625,188.11000061035156,186.3000030517578,187.6999969482422,60108400
2023-11-15,185.74545288085938,188.00999450683594,189.5,187.77999877929688,187.85000610351562,53790500
2023-11-16,187.4250030517578,189.7100067138672,190.9600067138672,188.64999389648438,189.57000732421875,54412900
2023-11-17,187.40524291992188,189.69000244140625,190.3800048828125,188.57000732421875,190.25,50922700
2023-11-20,189.14402770996094,191.4499969482422,191.91000366210938,189.8800048828125,189.88999938964844,46505100
2023-11-21,188.3437957763672,190.63999938964844,191.52000427246094,189.74000549316406,191.41000366210938,38134500
2023-11-22,189.00572204589844,191.30999755859375,192.92999267578125,190.8300018310547,191.49000549316406,39617700
2023-11-24,187.68186950683594,189.97000122070312,190.89999389648438,189.25,190.8699951171875,24048300
2023-11-27,187.50401306152344,189.7899932861328,190.6699981689453,188.89999389648438,189.9199981689453,40552600
2023-11-28,188.106689453125,190.39999389648438,191.0800018310547,189.39999389648438,189.77999877929688,38415400
2023-11-29,187.08909606933594,189.3699951171875,192.08999633789062,188.97000122070312,190.89999389648438,43014200
2023-11-30,187.662109375,189.9499969482422,190.32000732421875,188.19000244140625,189.83999633789062,48794400
2023-12-01,188.93658447265625,191.24000549316406,191.55999755859375,189.22999572753906,190.3300018310547,45704800
2023-12-04,187.14834594726562,189.42999267578125,190.0500030517578,187.4499969482422,189.97999572753906,43389500
2023-12-05,191.0902862548828,193.4199981689453,194.39999389648438,190.17999267578125,190.2100067138672,66628400
2023-12-06,190.00357055664062,192.32000732421875,194.75999450683594,192.11000061035156,194.4499969482422,41089700
2023-12-07,191.93008422851562,194.27000427246094,195.0,193.58999633789062,193.6300048828125,47477700
2023-12-08,193.3527374267578,195.7100067138672,195.99000549316406,193.6699981689453,194.1999969482422,53406400
2023-12-11,190.85317993164062,193.17999267578125,193.49000549316406,191.4199981689453,193.11000061035156,60943700
2023-12-12,192.36477661132812,194.7100067138672,194.72000122070312,191.72000122070312,193.0800018310547,52696900
2023-12-13,195.5756072998047,197.9600067138672,198.0,194.85000610351562,195.08999633789062,70404200
2023-12-14,195.72384643554688,198.11000061035156,199.6199951171875,196.16000366210938,198.02000427246094,66831600
2023-12-15,195.1903076171875,197.57000732421875,198.39999389648438,197.0,197.52999877929688,128538400
2023-12-18,193.5305633544922,195.88999938964844,196.6300048828125,194.38999938964844,196.08999633789062,55751900
2023-12-19,194.5679168701172,196.94000244140625,196.9499969482422,195.88999938964844,196.16000366210938,40714100
2023-12-20,192.48330688476562,194.8300018310547,197.67999267578125,194.8300018310547,196.89999389648438,52242800
2023-12-21,192.33511352539062,194.67999267578125,197.0800018310547,193.5,196.10000610351562,46482500
2023-12-22,191.26815795898438,193.60000610351562,195.41000366210938,192.97000122070312,195.17999267578125,37149600
2023-12-26,190.72474670410156,193.0500030517578,193.88999938964844,192.8300018310547,193.61000061035156,28919300
2023-12-27,190.82354736328125,193.14999389648438,193.5,191.08999633789062,192.49000549316406,48087700
2023-12-28,191.2483673095703,193.5800018310547,194.66000366210938,193.1699981689453,194.13999938964844,34049900
2023-12-29,190.21102905273438,192.52999877929688,194.39999389648438,191.72999572753906,193.89999389648438,42672100
2024-01-02,183.4040069580078,185.63999938964844,188.44000244140625,183.88999938964844,187.14999389648438,82488700
2024-01-03,182.03073120117188,184.25,185.8800048828125,183.42999267578125,184.22000122070312,58414500
2024-01-04,179.71897888183594,181.91000366210938,183.08999633789062,180.8800048828125,182.14999389648438,71983600
2024-01-05,178.99774169921875,181.17999267578125,182.75999450683594,180.1699981689453,181.99000549316406,62379700
2024-01-08,183.32496643066406,185.55999755859375,185.60000610351562,181.5,182.08999633789062,59144500
2024-01-09,182.9100341796875,185.13999938964844,185.14999389648438,182.72999572753906,183.9199981689453,42841800
2024-01-10,183.9473876953125,186.19000244140625,186.39999389648438,183.9199981689453,184.35000610351562,46792900
2024-01-11,183.35459899902344,185.58999633789062,187.0500030517578,183.6199951171875,186.5399932861328,49128400
2024-01-12,183.68060302734375,185.9199981689453,186.74000549316406,185.19000244140625,186.05999755859375,40477800
2024-01-16,181.418212890625,183.6300048828125,184.25999450683594,180.92999267578125,182.16000366210938,65603000
2024-01-17,180.47962951660156,182.67999267578125,182.92999267578125,180.3000030517578,181.27000427246094,47317400
2024-01-18,186.3579864501953,188.6300048828125,189.13999938964844,185.8300018310547,186.08999633789062,78005800
2024-01-19,189.252685546875,191.55999755859375,191.9499969482422,188.82000732421875,189.3300018310547,68903000
2024-01-22,191.55462646484375,193.88999938964844,195.3300018310547,192.25999450683594,192.3000030517578,60133900
2024-01-23,192.8291015625,195.17999267578125,195.75,193.8300018310547,195.02000427246094,42355600
2024-01-24,192.15725708007812,194.5,196.3800048828125,194.33999633789062,195.4199981689453,53631300
2024-01-25,191.83126831054688,194.1699981689453,196.27000427246094,193.11000061035156,195.22000122070312,54822100
2024-01-26,190.1023406982422,192.4199981689453,194.75999450683594,191.94000244140625,194.27000427246094,44594000
2024-01-29,189.42063903808594,191.72999572753906,192.1999969482422,189.5800018310547,192.00999450683594,47145600
2024-01-30,185.7751007080078,188.0399932861328,191.8000030517578,187.47000122070312,190.94000244140625,55859400
2024-01-31,182.1789093017578,184.39999389648438,187.10000610351562,184.35000610351562,187.0399932861328,55467800
2024-02-01,184.60931396484375,186.86000061035156,186.9499969482422,183.82000732421875,183.99000549316406,64885400
2024-02-02,183.6114959716797,185.85000610351562,187.3300018310547,179.25,179.86000061035156,102551700
2024-02-05,185.41944885253906,187.67999267578125,189.25,185.83999633789062,188.14999389648438,69668800
2024-02-06,187.0199432373047,189.3000030517578,189.30999755859375,186.77000427246094,186.86000061035156,43490800
2024-02-07,187.12860107421875,189.41000366210938,191.0500030517578,188.61000061035156,190.63999938964844,53439000
2024-02-08,186.0517578125,188.32000732421875,189.5399932861328,187.35000610351562,189.38999938964844,40962000
2024-02-09,186.8134002685547,188.85000610351562,189.99000549316406,188.0,188.64999389648438,45155200
2024-02-12,185.13172912597656,187.14999389648438,188.6699981689453,186.7899932861328,188.4199981689453,41781900
2024-02-13,183.0445098876953,185.0399932861328,186.2100067138672,183.50999450683594,185.77000427246094,56529500
2024-02-14,182.1641082763672,184.14999389648438,185.52999877929688,182.44000244140625,185.32000732421875,54630500
2024-02-15,181.87725830078125,183.86000061035156,184.49000549316406,181.35000610351562,183.5500030517578,65434500
2024-02-16,180.3439483642578,182.30999755859375,184.85000610351562,181.6699981689453,183.4199981689453,49752500
2024-02-20,179.60206604003906,181.55999755859375,182.42999267578125,180.0,181.7899932861328,53665600
2024-02-21,180.35385131835938,182.32000732421875,182.88999938964844,180.66000366210938,181.94000244140625,41371400
2024-02-22,182.38174438476562,184.3699951171875,184.9600067138672,182.4600067138672,183.47999572753906,52292200
2024-02-23,180.55169677734375,182.52000427246094,185.0399932861328,182.22999572753906,185.00999450683594,45119700
2024-02-26,179.20635986328125,181.16000366210938,182.75999450683594,180.64999389648438,182.24000549316406,40867400
2024-02-27,180.66050720214844,182.6300048828125,183.9199981689453,179.55999755859375,181.10000610351562,54318900
2024-02-28,179.4635467529297,181.4199981689453,183.1199951171875,180.1300048828125,182.50999450683594,48953900
2024-02-29,178.80076599121094,180.75,182.57000732421875,179.52999877929688,181.27000427246094,136682600
2024-03-01,177.7225341796875,179.66000366210938,180.52999877929688,177.3800048828125,179.5500030517578,73563100
2024-03-04,173.21170043945312,175.10000610351562,176.89999389648438,173.7899932861328,176.14999389648438,81510100
2024-03-05,168.285400390625,170.1199951171875,172.0399932861328,169.6199951171875,170.75999450683594,95132400
2024-03-06,167.29617309570312,169.1199951171875,171.24000549316406,168.67999267578125,171.05999755859375,68587700
2024-03-07,167.177490234375,169.0,170.72999572753906,168.49000549316406,169.14999389648438,71765100
2024-03-08,168.8888397216797,170.72999572753906,173.6999969482422,168.94000244140625,169.0,76267000
2024-03-11,170.8870391845703,172.75,174.3800048828125,172.0500030517578,172.94000244140625,60139500
2024-03-12,171.36187744140625,173.22999572753906,174.02999877929688,171.00999450683594,173.14999389648438,59825400
2024-03-13,169.2845458984375,171.1300048828125,173.19000244140625,170.75999450683594,172.77000427246094,52488700
2024-03-14,171.1343536376953,173.0,174.30999755859375,172.0500030517578,172.91000366210938,72913500
2024-03-15,170.75845336914062,172.6199951171875,172.6199951171875,170.2899932861328,171.1699981689453,121752700
2024-03-18,171.84658813476562,173.72000122070312,177.7100067138672,173.52000427246094,175.57000732421875,75604200
2024-03-19,174.18112182617188,176.0800018310547,176.61000061035156,173.02999877929688,174.33999633789062,55215200
2024-03-20,176.7432098388672,178.6699981689453,178.6699981689453,175.08999633789062,175.72000122070312,53423100
2024-03-21,169.52194213867188,171.3699951171875,177.49000549316406,170.83999633789062,177.0500030517578,106181300
2024-03-22,170.422119140625,172.27999877929688,173.0500030517578,170.05999755859375,171.75999450683594,71160100
2024-03-25,169.00755310058594,170.85000610351562,171.94000244140625,169.4499969482422,170.57000732421875,54288300
2024-03-26,167.8798370361328,169.7100067138672,171.4199981689453,169.5800018310547,170.0,57388400
2024-03-27,171.44102478027344,173.30999755859375,173.60000610351562,170.11000061035156,170.41000366210938,60273300
2024-03-28,169.6307373046875,171.47999572753906,172.22999572753906,170.50999450683594,171.75,65672700
2024-04-01,168.19639587402344,170.02999877929688,171.25,169.47999572753906,171.19000244140625,46240500
2024-04-02,167.0192108154297,168.83999633789062,169.33999633789062,168.22999572753906,169.0800018310547,49329500
2024-04-03,167.8204803466797,169.64999389648438,170.67999267578125,168.5800018310547,168.7899932861328,47691700
2024-04-04,166.9994354248047,168.82000732421875,171.9199981689453,168.82000732421875,170.2899932861328,53704400
2024-04-05,167.75123596191406,169.5800018310547,170.38999938964844,168.9499969482422,169.58999633789062,42104800
2024-04-08,166.6334228515625,168.4499969482422,169.1999969482422,168.24000549316406,169.02999877929688,37425500
2024-04-09,167.84027099609375,169.6699981689453,170.0800018310547,168.35000610351562,168.6999969482422,42373800
2024-04-10,165.9706573486328,167.77999877929688,169.08999633789062,167.11000061035156,168.8000030517578,49709300
2024-04-11,173.15237426757812,175.0399932861328,175.4600067138672,168.16000366210938,168.33999633789062,91070300
2024-04-12,174.64605712890625,176.5500030517578,178.36000061035156,174.2100067138672,174.25999450683594,101670900
2024-04-15,170.82769775390625,172.69000244140625,176.6300048828125,172.5,175.36000061035156,73531800
2024-04-16,167.55337524414062,169.3800048828125,173.75999450683594,168.27000427246094,171.75,73711200
2024-04-17,166.188232421875,168.0,170.64999389648438,168.0,169.61000061035156,50901200
2024-04-18,165.2386016845703,167.0399932861328,168.63999938964844,166.5500030517578,168.02999877929688,43122900
2024-04-19,163.22061157226562,165.0,166.39999389648438,164.0800018310547,166.2100067138672,68149400
2024-04-22,164.05157470703125,165.83999633789062,167.25999450683594,164.77000427246094,165.52000427246094,48116400
2024-04-23,165.10012817382812,166.89999389648438,167.0500030517578,164.9199981689453,165.35000610351562,49537800
2024-04-24,167.19728088378906,169.02000427246094,169.3000030517578,166.2100067138672,166.5399932861328,48251800
2024-04-25,168.05789184570312,169.88999938964844,170.61000061035156,168.14999389648438,169.52999877929688,50558300
2024-04-26,167.47425842285156,169.3000030517578,171.33999633789062,169.17999267578125,169.8800048828125,44838400
2024-04-29,171.62896728515625,173.5,176.02999877929688,173.10000610351562,173.3699951171875,68169400
2024-04-30,168.49314880371094,170.3300018310547,174.99000549316406,170.0,173.3300018310547,65934800
2024-05-01,167.47425842285156,169.3000030517578,172.7100067138672,169.11000061035156,169.5800018310547,50383100
2024-05-02,171.1640167236328,173.02999877929688,173.4199981689453,170.88999938964844,172.50999450683594,94214900
2024-05-03,181.4024200439453,183.3800048828125,187.0,182.66000366210938,186.64999389648438,163224100
2024-05-06,179.75042724609375,181.7100067138672,184.1999969482422,180.4199981689453,182.35000610351562,78569700
2024-05-07,180.4329833984375,182.39999389648438,184.89999389648438,181.32000732421875,183.4499969482422,77305800
2024-05-08,180.76931762695312,182.74000549316406,183.07000732421875,181.4499969482422,182.85000610351562,45057100
2024-05-09,182.57960510253906,184.57000732421875,184.66000366210938,182.11000061035156,182.55999755859375,48983000
2024-05-10,181.32154846191406,183.0500030517578,185.08999633789062,182.1300048828125,184.89999389648438,50759500
2024-05-13,184.52108764648438,186.27999877929688,187.10000610351562,184.6199951171875,185.44000244140625,72044800
2024-05-14,185.6602020263672,187.42999267578125,188.3000030517578,186.2899932861328,187.50999450683594,52393600
2024-05-15,187.92860412597656,189.72000122070312,190.64999389648438,187.3699951171875,187.91000366210938,70400000
2024-05-16,188.04745483398438,189.83999633789062,191.10000610351562,189.66000366210938,190.47000122070312,52845200
2024-05-17,188.07717895507812,189.8699951171875,190.80999755859375,189.17999267578125,189.50999450683594,41282900
2024-05-20,189.23611450195312,191.0399932861328,191.9199981689453,189.00999450683594,189.3300018310547,44361300
2024-05-21,190.53378295898438,192.35000610351562,192.72999572753906,190.9199981689453,191.08999633789062,42309400
2024-05-22,189.09747314453125,190.89999389648438,192.82000732421875,190.27000427246094,192.27000427246094,34648500
2024-05-23,185.1154022216797,186.8800048828125,191.0,186.6300048828125,190.97999572753906,51005900
2024-05-24,188.18614196777344,189.97999572753906,190.5800018310547,188.0399932861328,188.82000732421875,36327000
2024-05-28,188.19606018066406,189.99000549316406,193.0,189.10000610351562,191.50999450683594,52280100
2024-05-29,188.49319458007812,190.2899932861328,192.25,189.50999450683594,189.61000061035156,53068000
2024-05-30,189.4837646484375,191.2899932861328,192.17999267578125,190.6300048828125,190.75999450683594,49889100
2024-05-31,190.43470764160156,192.25,192.57000732421875,189.91000366210938,191.44000244140625,75158300
2024-06-03,192.19790649414062,194.02999877929688,194.99000549316406,192.52000427246094,192.89999389648438,50080500
2024-06-04,192.51487731933594,194.35000610351562,195.32000732421875,193.02999877929688,194.63999938964844,47471400
2024-06-05,194.02053833007812,195.8699951171875,196.89999389648438,194.8699951171875,195.39999389648438,54156800
2024-06-06,192.64364624023438,194.47999572753906,196.5,194.1699981689453,195.69000244140625,41181800
2024-06-07,195.0308837890625,196.88999938964844,196.94000244140625,194.13999938964844,194.64999389648438,53103900
2024-06-10,191.29647827148438,193.1199951171875,197.3000030517578,192.14999389648438,196.89999389648438,97010200
2024-06-11,205.1940155029297,207.14999389648438,207.16000366210938,193.6300048828125,193.64999389648438,172373300
2024-06-12,211.05812072753906,213.07000732421875,220.1999969482422,206.89999389648438,207.3699951171875,198134300
2024-06-13,212.21707153320312,214.24000549316406,216.75,211.60000610351562,214.74000549316406,97862700
2024-06-14,210.48358154296875,212.49000549316406,215.1699981689453,211.3000030517578,213.85000610351562,70122700
2024-06-17,214.62413024902344,216.6699981689453,218.9499969482422,212.72000122070312,213.3699951171875,93728300
2024-06-18,212.2666015625,214.2899932861328,218.6300048828125,213.0,217.58999633789062,79943300
2024-06-20,207.7001190185547,209.67999267578125,214.24000549316406,208.85000610351562,213.92999267578125,86172500
2024-06-21,205.5308074951172,207.49000549316406,211.88999938964844,207.11000061035156,210.38999938964844,241805100
2024-06-24,206.1746826171875,208.13999938964844,212.6999969482422,206.58999633789062,207.72000122070312,80727000
2024-06-25,207.0958709716797,209.07000732421875,211.3800048828125,208.61000061035156,209.14999389648438,55549700
2024-06-26,211.2364044189453,213.25,214.86000061035156,210.63999938964844,211.5,66213200
2024-06-27,212.07839965820312,214.10000610351562,215.74000549316406,212.35000610351562,214.69000244140625,49772700
2024-06-28,208.6312713623047,210.6199951171875,216.07000732421875,210.3000030517578,215.77000427246094,82542700
2024-07-01,214.70335388183594,216.75,217.50999450683594,211.9199981689453,212.08999633789062,60402900
2024-07-02,218.19015502929688,220.27000427246094,220.3800048828125,215.10000610351562,216.14999389648438,58046200
2024-07-03,219.45803833007812,221.5500030517578,221.5500030517578,219.02999877929688,220.0,37369800
2024-07-05,224.20281982421875,226.33999633789062,226.4499969482422,221.64999389648438,221.64999389648438,60412400
2024-07-08,225.6688232421875,227.82000732421875,227.85000610351562,223.25,227.08999633789062,59085900
2024-07-09,226.5207061767578,228.67999267578125,229.39999389648438,226.3699951171875,227.92999267578125,48076100
2024-07-10,230.78012084960938,232.97999572753906,233.0800018310547,229.25,229.3000030517578,62627700
2024-07-11,225.42120361328125,227.57000732421875,232.38999938964844,225.77000427246094,231.38999938964844,64710600
2024-07-12,228.3631591796875,230.5399932861328,232.63999938964844,228.67999267578125,228.9199981689453,53046500
2024-07-15,232.18670654296875,234.39999389648438,237.22999572753906,233.08999633789062,236.47999572753906,62631300
2024-07-16,232.60276794433594,234.82000732421875,236.27000427246094,232.3300018310547,235.0,43234300
2024-07-17,226.71884155273438,228.8800048828125,231.4600067138672,226.63999938964844,229.4499969482422,57345900
2024-07-18,222.06320190429688,224.17999267578125,230.44000244140625,222.27000427246094,230.27999877929688,66034600
2024-07-19,222.1919708251953,224.30999755859375,226.8000030517578,223.27999877929688,224.82000732421875,49151500
2024-07-22,221.84527587890625,223.9600067138672,227.77999877929688,223.08999633789062,227.00999450683594,48201800
2024-07-23,222.88539123535156,225.00999450683594,226.94000244140625,222.67999267578125,224.3699951171875,39960300
2024-07-24,216.4764862060547,218.5399932861328,224.8000030517578,217.1300048828125,224.0,61777600
2024-07-25,215.4364013671875,217.49000549316406,220.85000610351562,214.6199951171875,218.92999267578125,51391200
2024-07-26,215.9019317626953,217.9600067138672,219.49000549316406,216.00999450683594,218.6999969482422,41601300
2024-07-29,216.17930603027344,218.24000549316406,219.3000030517578,215.75,216.9600067138672,36311800
2024-07-30,216.73402404785156,218.8000030517578,220.3300018310547,216.1199951171875,219.19000244140625,41643800
2024-07-31,219.9830322265625,222.0800018310547,223.82000732421875,220.6300048828125,221.44000244140625,50036300
2024-08-01,216.29815673828125,218.36000061035156,224.47999572753906,217.02000427246094,224.3699951171875,62501000
2024-08-02,217.78399658203125,219.86000061035156,225.60000610351562,217.7100067138672,219.14999389648438,105568600
2024-08-05,207.2939910888672,209.27000427246094,213.5,196.0,199.08999633789062,119548600
2024-08-06,205.2732696533203,207.22999572753906,209.99000549316406,201.07000732421875,205.3000030517578,69660500
2024-08-07,207.83880615234375,209.82000732421875,213.63999938964844,206.38999938964844,206.89999389648438,63516400
2024-08-08,211.2958526611328,213.30999755859375,214.1999969482422,208.8300018310547,213.11000061035156,47161100
2024-08-09,214.19821166992188,216.24000549316406,216.77999877929688,211.97000122070312,212.10000610351562,42201600
2024-08-12,215.7254180908203,217.52999877929688,219.50999450683594,215.60000610351562,216.07000732421875,38028100
2024-08-13,219.43441772460938,221.27000427246094,221.88999938964844,219.00999450683594,219.00999450683594,44155300
2024-08-14,219.88064575195312,221.72000122070312,223.02999877929688,219.6999969482422,220.57000732421875,41960600
2024-08-15,222.8557586669922,224.72000122070312,225.35000610351562,222.75999450683594,224.60000610351562,46414000
2024-08-16,224.1747283935547,226.0500030517578,226.8300018310547,223.64999389648438,223.9199981689453,44340200
2024-08-19,224.01605224609375,225.88999938964844,225.99000549316406,223.0399932861328,225.72000122070312,40687800
2024-08-20,224.63092041015625,226.50999450683594,227.1699981689453,225.4499969482422,225.77000427246094,30299000
2024-08-21,224.52182006835938,226.39999389648438,227.97999572753906,225.0500030517578,226.52000427246094,34765500
2024-08-22,222.66734313964844,224.52999877929688,228.33999633789062,223.89999389648438,227.7899932861328,43695300
2024-08-23,224.9581756591797,226.83999633789062,228.22000122070312,224.3300018310547,225.66000366210938,38677300
2024-08-26,225.2953643798828,227.17999267578125,227.27999877929688,223.88999938964844,226.75999450683594,30602200
2024-08-27,226.1383056640625,228.02999877929688,228.85000610351562,224.88999938964844,226.0,35934600
2024-08-28,224.61109924316406,226.49000549316406,229.86000061035156,225.67999267578125,227.9199981689453,38052200
2024-08-29,227.88372802734375,229.7899932861328,232.9199981689453,228.8800048828125,230.10000610351562,51906300
2024-08-30,227.10023498535156,229.0,230.39999389648438,227.47999572753906,230.19000244140625,52990800
2024-09-03,220.92193603515625,222.77000427246094,229.0,221.1699981689453,228.5500030517578,50190600
2024-09-04,219.01788330078125,220.85000610351562,221.77999877929688,217.47999572753906,221.66000366210938,43840200
2024-09-05,220.53518676757812,222.3800048828125,225.47999572753906,221.52000427246094,221.6300048828125,36615400
2024-09-06,218.98812866210938,220.82000732421875,225.24000549316406,219.77000427246094,223.9499969482422,48423000
2024-09-09,219.07736206054688,220.91000366210938,221.27000427246094,216.7100067138672,220.82000732421875,67180000
2024-09-10,218.28399658203125,220.11000061035156,221.47999572753906,216.72999572753906,218.9199981689453,51591000
2024-09-11,220.8128662109375,222.66000366210938,223.08999633789062,217.88999938964844,221.4600067138672,44587100
2024-09-12,220.92193603515625,222.77000427246094,223.5500030517578,219.82000732421875,222.5,37455600
2024-09-13,220.65419006347656,222.5,224.0399932861328,221.91000366210938,223.5800018310547,36766600
2024-09-16,214.5254669189453,216.32000732421875,217.22000122070312,213.9199981689453,216.5399932861328,59357400
2024-09-17,214.99156188964844,216.7899932861328,216.89999389648438,214.5,215.75,45519300
2024-09-18,218.85919189453125,220.69000244140625,222.7100067138672,217.5399932861328,217.5500030517578,59894900
2024-09-19,226.97134399414062,228.8699951171875,229.82000732421875,224.6300048828125,224.99000549316406,66781300
2024-09-20,226.30686950683594,228.1999969482422,233.08999633789062,227.6199951171875,229.97000122070312,318679900
2024-09-23,224.5912628173828,226.47000122070312,229.4499969482422,225.80999755859375,227.33999633789062,54146000
2024-09-24,225.48377990722656,227.3699951171875,229.35000610351562,225.72999572753906,228.64999389648438,43556100
2024-09-25,224.4920654296875,226.3699951171875,227.2899932861328,224.02000427246094,224.92999267578125,42308700
2024-09-26,225.632568359375,227.52000427246094,228.5,225.41000366210938,227.3000030517578,36636700
2024-09-27,225.90028381347656,227.7899932861328,229.52000427246094,227.3000030517578,228.4600067138672,34026000
2024-09-30,231.06707763671875,233.0,233.0,229.64999389648438,230.0399932861328,54541900
2024-10-01,224.33340454101562,226.2100067138672,229.64999389648438,223.74000549316406,229.52000427246094,63285000
2024-10-02,224.898681640625,226.77999877929688,227.3699951171875,223.02000427246094,225.88999938964844,32880600
2024-10-03,223.79786682128906,225.6699981689453,226.80999755859375,223.32000732421875,225.13999938964844,34044200
2024-10-04,224.91848754882812,226.8000030517578,228.0,224.1300048828125,227.89999389648438,37245100
2024-10-07,219.85089111328125,221.69000244140625,225.69000244140625,221.3300018310547,224.5,39505400
2024-10-08,223.8970489501953,225.77000427246094,225.97999572753906,223.25,224.3000030517578,31855700
2024-10-09,227.63577270507812,229.5399932861328,229.75,224.8300018310547,225.22999572753906,33591100
2024-10-10,227.13990783691406,229.0399932861328,229.5,227.1699981689453,227.77999877929688,28183500
2024-10-11,225.66229248046875,227.5500030517578,229.41000366210938,227.33999633789062,229.3000030517578,31759200
2024-10-14,229.3811798095703,231.3000030517578,231.72999572753906,228.60000610351562,228.6999969482422,39882100
2024-10-15,231.9100341796875,233.85000610351562,237.49000549316406,232.3699951171875,233.61000061035156,64751400
2024-10-16,229.85719299316406,231.77999877929688,232.1199951171875,229.83999633789062,231.60000610351562,34082200
2024-10-17,230.22412109375,232.14999389648438,233.85000610351562,230.52000427246094,233.42999267578125,32993800
2024-10-18,233.05047607421875,235.0,236.17999267578125,234.00999450683594,236.17999267578125,46431500
2024-10-21,234.51820373535156,236.47999572753906,236.85000610351562,234.4499969482422,234.4499969482422,36254500
2024-10-22,233.9033660888672,235.86000061035156,236.22000122070312,232.60000610351562,233.88999938964844,38846600
2024-10-23,228.8456268310547,230.75999450683594,235.13999938964844,227.75999450683594,234.0800018310547,52287000
2024-10-24,228.65725708007812,230.57000732421875,230.82000732421875,228.41000366210938,229.97999572753906,31109500
2024-10-25,229.49026489257812,231.41000366210938,233.22000122070312,229.57000732421875,229.74000549316406,38802300
2024-10-28,231.4637451171875,233.39999389648438,234.72999572753906,232.5500030517578,233.32000732421875,36087100
2024-10-29,231.7315216064453,233.6699981689453,234.3300018310547,232.32000732421875,233.10000610351562,35417200
2024-10-30,228.19113159179688,230.10000610351562,233.47000122070312,229.5500030517578,232.61000061035156,47070900
2024-10-31,224.03590393066406,225.91000366210938,229.8300018310547,225.3699951171875,229.33999633789062,64370100
2024-11-01,221.060791015625,222.91000366210938,225.35000610351562,220.27000427246094,220.97000122070312,65276700
2024-11-04,220.16822814941406,222.00999450683594,222.7899932861328,219.7100067138672,220.99000549316406,44944500
2024-11-05,221.5963134765625,223.4499969482422,223.9499969482422,221.13999938964844,221.8000030517578,28111300
2024-11-06,220.87234497070312,222.72000122070312,226.07000732421875,221.19000244140625,222.61000061035156,54561100
2024-11-07,225.59288024902344,227.47999572753906,227.8800048828125,224.57000732421875,224.6300048828125,42137700
2024-11-08,225.3248291015625,226.9600067138672,228.66000366210938,226.41000366210938,227.1699981689453,38328800
2024-11-11,222.61447143554688,224.22999572753906,225.6999969482422,221.5,225.0,42005600
2024-11-12,222.61447143554688,224.22999572753906,225.58999633789062,223.36000061035156,224.5500030517578,40398300
2024-11-13,223.49807739257812,225.1199951171875,226.64999389648438,222.75999450683594,224.00999450683594,48566200
2024-11-14,226.5757293701172,228.22000122070312,228.8699951171875,225.0,225.02000427246094,44923900
2024-11-15,223.37893676757812,225.0,226.9199981689453,224.27000427246094,226.39999389648438,47923700
2024-11-18,226.37716674804688,228.02000427246094,229.74000549316406,225.1699981689453,225.25,44633700
2024-11-19,226.6352996826172,228.27999877929688,230.16000366210938,226.66000366210938,226.97999572753906,36211800
2024-11-20,227.35011291503906,229.0,229.92999267578125,225.88999938964844,228.05999755859375,35169600
2024-11-21,226.87356567382812,228.52000427246094,230.16000366210938,225.7100067138672,228.8800048828125,42108300
2024-11-22,228.21385192871094,229.8699951171875,230.72000122070312,228.05999755859375,228.05999755859375,38168300
2024-11-25,231.1922149658203,232.8699951171875,233.25,229.74000549316406,231.4600067138672,90152800
2024-11-26,233.36647033691406,235.05999755859375,235.57000732421875,233.3300018310547,233.3300018310547,45986200
2024-11-27,233.23736572265625,234.92999267578125,235.69000244140625,233.80999755859375,234.47000122070312,33498400
2024-11-29,235.62010192871094,237.3300018310547,237.80999755859375,233.97000122070312,234.80999755859375,28481400
2024-12-02,237.8638153076172,239.58999633789062,240.7899932861328,237.16000366210938,237.27000427246094,48137100
2024-12-03,240.90176391601562,242.64999389648438,242.75999450683594,238.89999389648438,239.80999755859375,38861000
2024-12-04,241.25918579101562,243.00999450683594,244.11000061035156,241.25,242.8699951171875,44383900
2024-12-05,241.28895568847656,243.0399932861328,244.5399932861328,242.1300048828125,243.99000549316406,40033900
2024-12-06,241.09039306640625,242.83999633789062,244.6300048828125,242.0800018310547,242.91000366210938,36870600
2024-12-09,244.9722442626953,246.75,247.24000549316406,241.75,241.8300018310547,44649200
2024-12-10,245.98487854003906,247.77000427246094,248.2100067138672,245.33999633789062,246.88999938964844,36914800
2024-12-11,244.714111328125,246.49000549316406,250.8000030517578,246.25999450683594,247.9600067138672,45205800
2024-12-12,246.17352294921875,247.9600067138672,248.74000549316406,245.67999267578125,246.88999938964844,32777500
2024-12-13,246.34230041503906,248.1300048828125,249.2899932861328,246.24000549316406,247.82000732421875,33155300
2024-12-16,249.23130798339844,251.0399932861328,251.3800048828125,247.64999389648438,247.99000549316406,51694800
2024-12-17,251.6537322998047,253.47999572753906,253.8300018310547,249.77999877929688,250.0800018310547,51356400
2024-12-18,246.2628631591797,248.0500030517578,254.27999877929688,247.74000549316406,252.16000366210938,56774100
2024-12-19,247.99034118652344,249.7899932861328,252.0,247.08999633789062,247.5,60882300
2024-12-20,252.65647888183594,254.49000549316406,255.0,245.69000244140625,248.0399932861328,147495300
2024-12-23,253.4308624267578,255.27000427246094,255.64999389648438,253.4499969482422,254.77000427246094,40858800
2024-12-24,256.3398132324219,258.20001220703125,258.2099914550781,255.2899932861328,255.49000549316406,23234700
2024-12-26,257.15380859375,259.0199890136719,260.1000061035156,257.6300048828125,258.19000244140625,27237100
2024-12-27,253.74853515625,255.58999633789062,258.70001220703125,253.05999755859375,257.8299865722656,42355300
2024-12-30,250.38294982910156,252.1999969482422,253.5,250.75,252.22999572753906,35557500
2024-12-31,248.61578369140625,250.4199981689453,253.27999877929688,249.42999267578125,252.44000244140625,39480700
